0,5.6095,-39.013,3.3631e-44,0,0,0,0,-1,0,0,4,450,250,0
0,5.6095,-39.013,3.3631e-44,0,0,0,0,-1,0,0,4,450,250,0.1
0,5.6172,-39.01,3.3631e-44,0,0,0,0,-1,0,0,4,450,250,0.2
0,5.6172,-39.01,3.3631e-44,0,0,0,0,-1,0,0,4,450,250,0.3
0,5.6172,-39.01,3.3631e-44,0,0,0,0,-1,0,0,4,450,250,0.4
0,5.652,-39.004,3.3631e-44,0,0,0,0,-1,0,0,4,450,250,0.5
0,5.652,-39.004,3.3631e-44,0,0,0,0,-1,0,0,4,450,250,0.6
0,5.652,-39.004,3.3631e-44,0,0,0,0,-1,0,0,4,450,250,0.7
0,5.7062,-39.001,3.3631e-44,0,0,0,0,-1,0,0,4,450,250,0.8
0,5.7062,-39.001,3.3631e-44,0,0,0,0,-1,0,0,4,450,250,0.9
0,5.7062,-39.001,3.3631e-44,0,0,0,0,-1,0,0,4,450,250,1
0,5.7693,-39.001,3.3631e-44,0,0,0,0,-1,0,0,4,450,250,1.1
0,5.7693,-39.001,3.3631e-44,0,0,0,0,-1,0,0,4,450,250,1.2
0,5.7693,-39.001,3.3631e-44,0,0,0,0,-1,0,0,4,450,250,1.3
0,5.8089,-39,3.3631e-44,0,0,0,0,-1,0,0,4,450,250,1.4
0,5.8089,-39,3.3631e-44,0,0,0,0,-1,0,0,4,450,250,1.5
0,5.8128,-39,3.3631e-44,0,0,0,0,-1,0,0,4,450,250,1.6
0,5.8128,-39,3.3631e-44,0,0,0,0,-1,0,0,4,450,250,1.7
0,5.8128,-39,3.3631e-44,0,0,0,0,-1,0,0,4,450,250,1.8
0,5.804,-39,3.3631e-44,0,0,0,0,-1,0,0,4,450,250,1.9
0,5.804,-39,3.3631e-44,0,0,0,0,-1,0,0,4,450,250,2
0,5.804,-39,3.3631e-44,0,0,0,0,-1,0,0,4,450,250,2.1
0,5.804,-39,3.3631e-44,0,0,0,0,-1,0,0,4,450,250,2.2
0,5.7838,-39,3.3631e-44,0,0,0,0,-1,0,0,4,450,250,2.3
0,5.7838,-39,3.3631e-44,0,0,0,0,-1,0,0,4,450,250,2.4
0,5.7838,-39,3.3631e-44,0,0,0,0,-1,0,0,4,450,250,2.5
0,5.7838,-39,3.3631e-44,0,0,0,0,-1,0,0,4,450,250,2.6
0,5.7838,-39,3.3631e-44,0,0,0,0,-1,0,0,4,450,250,2.7
0,5.778,-39,3.3631e-44,0,0,0,0,-1,0,0,4,450,250,2.8
0,5.778,-39,3.3631e-44,0,0,0,0,-1,0,0,4,450,250,2.9
0,5.778,-39,3.3631e-44,0,0,0,0,-1,0,0,4,450,250,3
0,5.778,-39,3.3631e-44,0,0,0,0,-1,0,0,4,450,250,3.1
0,5.7807,-39,3.3631e-44,0,0,0,0,-1,0,0,4,450,250,3.2
0,5.7807,-39,3.3631e-44,0,0,0,0,-1,0,0,4,450,250,3.3
0,5.7807,-39,3.3631e-44,0,0,0,0,-1,0,0,4,450,250,3.4
0,5.8017,-39,3.3631e-44,0,0,0,0,-1,0,0,4,450,250,3.5
0,5.8017,-39,3.3631e-44,0,0,0,0,-1,0,0,4,450,250,3.6
0,5.8017,-39,3.3631e-44,0,0,0,0,-1,0,0,4,450,250,3.7
0,5.8116,-39,3.3631e-44,0,0,0,0,-1,0,0,4,450,250,3.8
0,5.8116,-39,3.3631e-44,0,0,0,0,-1,0,0,4,450,250,3.9
0,5.8116,-39,3.3631e-44,0,0,0,0,-1,0,0,4,450,250,4
0,5.8483,-39,3.3631e-44,0,0,0,0,-1,0,0,4,450,250,4.1
0,5.8483,-39,3.3631e-44,0,0,0,0,-1,0,0,4,450,250,4.2
0,5.8483,-39,3.3631e-44,0,0,0,0,-1,0,0,4,450,250,4.3
0,6.6695,-38.346,3.3631e-44,2000,1,0,0,-1,2000,2000,4,450,250,4.4
0,6.6695,-38.346,3.3631e-44,2000,1,0,0,-1,2000,2000,4,450,250,4.5
0,6.6695,-38.346,3.3631e-44,2000,1,0,0,-1,2000,2000,4,450,250,4.6
0,6.9871,-39.291,3.3631e-44,2000,100,1.2,0,-1,2000,2000,4,450,250,4.7
0,6.9871,-39.291,3.3631e-44,2000,100,1.2,0,-1,2000,2000,4,450,250,4.8
0,6.9871,-39.291,3.3631e-44,2000,100,1.2,0,-1,2000,2000,4,450,250,4.9
0,6.8295,-39.495,3.3631e-44,2000,138,1.2,0,-1,2000,2000,4,450,250,5
0,6.8295,-39.495,3.3631e-44,2000,138,1.2,0,-1,2000,2000,4,450,250,5.1
0,6.8295,-39.495,3.3631e-44,2000,138,1.2,0,-1,2000,2000,4,450,250,5.2
0,7.8406,-38.679,3.3631e-44,2000,264,3.8,0,-1,2000,2000,4,450,250,5.3
0,7.8406,-38.679,3.3631e-44,2000,264,3.8,0,-1,2000,2000,4,450,250,5.4
0,7.8406,-38.679,3.3631e-44,2000,264,3.8,0,-1,2000,2000,4,450,250,5.5
0,8.4977,-38.63,3.3631e-44,2000,352,3.8,0,-1,2000,2000,4,450,250,5.6
0,8.4977,-38.63,3.3631e-44,2000,352,3.8,0,-1,2000,2000,4,450,250,5.7
0,8.4977,-38.63,3.3631e-44,2000,352,3.8,0,-1,2000,2000,4,450,250,5.8
0,8.8679,-39.109,3.3631e-44,2000,443,6.5,0,-1,2000,2000,4,450,250,5.9
0,8.8679,-39.109,3.3631e-44,2000,443,6.5,0,-1,2000,2000,4,450,250,6
0,8.8679,-39.109,3.3631e-44,2000,443,6.5,0,-1,2000,2000,4,450,250,6.1
0,8.638,-39.479,3.3631e-44,2000,531,8.6,0,-1,2000,2000,4,450,250,6.2
0,8.638,-39.479,3.3631e-44,2000,531,8.6,0,-1,2000,2000,4,450,250,6.3
0,8.638,-39.479,3.3631e-44,2000,531,8.6,0,-1,2000,2000,4,450,250,6.4
0,7.9772,-39.713,3.3631e-44,2000,622,8.6,0,-1,2000,2000,4,450,250,6.5
0,7.9772,-39.713,3.3631e-44,2000,622,8.6,0,-1,2000,2000,4,450,250,6.6
0,7.9772,-39.713,3.3631e-44,2000,622,8.6,0,-1,2000,2000,4,450,250,6.7
0,7.614,-40.037,3.3631e-44,2000,712,11,0,-1,2000,2000,4,450,250,6.8
0,7.614,-40.037,3.3631e-44,2000,712,11,0,-1,2000,2000,4,450,250,6.9
0,7.614,-40.037,3.3631e-44,2000,712,11,0,-1,2000,2000,4,450,250,7
0,7.9621,-40.45,3.3631e-44,2000,801,12.2,0,-1,2000,2000,4,450,250,7.1
0,7.9621,-40.45,3.3631e-44,2000,801,12.2,0,-1,2000,2000,4,450,250,7.2
0,7.9621,-40.45,3.3631e-44,2000,801,12.2,0,-1,2000,2000,4,450,250,7.3
0,9.1741,-39.972,3.3631e-44,2000,892,14.7,0,-1,2000,2000,4,450,250,7.4
0,9.1741,-39.972,3.3631e-44,2000,892,14.7,0,-1,2000,2000,4,450,250,7.5
0,9.1741,-39.972,3.3631e-44,2000,892,14.7,0,-1,2000,2000,4,450,250,7.6
0,12.39,-39.293,3.3631e-44,2000,983,15.9,0,-1,2000,2000,4,450,250,7.7
0,12.39,-39.293,3.3631e-44,2000,983,15.9,0,-1,2000,2000,4,450,250,7.8
0,12.39,-39.293,3.3631e-44,2000,983,15.9,0,-1,2000,2000,4,450,250,7.9
0,15.241,-39.453,3.3631e-44,2000,1073,17,0,-1,2000,2000,4,450,250,8
0,15.241,-39.453,3.3631e-44,2000,1073,17,0,-1,2000,2000,4,450,250,8.1
0,15.241,-39.453,3.3631e-44,2000,1073,17,0,-1,2000,2000,4,450,250,8.2
0,20.799,-38.416,3.3631e-44,2000,1163,19.3,0,-1,2000,2000,4,450,250,8.3
0,20.799,-38.416,3.3631e-44,2000,1163,19.3,0,-1,2000,2000,4,450,250,8.4
0,20.799,-38.416,3.3631e-44,2000,1163,19.3,0,-1,2000,2000,4,450,250,8.5
0,28.307,-38.071,3.3631e-44,2000,1254,19.3,0,-1,2000,2000,4,450,250,8.6
0,28.307,-38.071,3.3631e-44,2000,1254,19.3,0,-1,2000,2000,4,450,250,8.7
0,28.307,-38.071,3.3631e-44,2000,1254,19.3,0,-1,2000,2000,4,450,250,8.8
0,34.019,-38.451,3.3631e-44,2000,1343,21.9,0,-1,2000,2000,4,450,250,8.9
0,34.019,-38.451,3.3631e-44,2000,1343,21.9,0,-1,2000,2000,4,450,250,9
0,34.019,-38.451,3.3631e-44,2000,1343,21.9,0,-1,2000,2000,4,450,250,9.1
0,39.909,-38.879,3.3631e-44,2000,1434,21.9,0,-1,2000,2000,4,450,250,9.2
0,39.909,-38.879,3.3631e-44,2000,1434,21.9,0,-1,2000,2000,4,450,250,9.3
0,39.909,-38.879,3.3631e-44,2000,1434,21.9,0,-1,2000,2000,4,450,250,9.4
0,46.209,-39.313,3.3631e-44,2000,1524,25.3,0,-1,2000,2000,4,450,250,9.5
0,46.209,-39.313,3.3631e-44,2000,1524,25.3,0,-1,2000,2000,4,450,250,9.6
0,46.209,-39.313,3.3631e-44,2000,1524,25.3,0,-1,2000,2000,4,450,250,9.7
0,53.149,-39.225,3.3631e-44,2000,1628,25.3,0,-1,2000,2000,4,450,250,9.8
0,53.149,-39.225,3.3631e-44,2000,1628,25.3,0,-1,2000,2000,4,450,250,9.9
0,53.149,-39.225,3.3631e-44,2000,1628,25.3,0,-1,2000,2000,4,450,250,10
0,61.193,-39.034,3.3631e-44,2000,1717,28.1,0,-1,2000,2000,4,450,250,10.1
0,61.193,-39.034,3.3631e-44,2000,1717,28.1,0,-1,2000,2000,4,450,250,10.2
0,61.193,-39.034,3.3631e-44,2000,1717,28.1,0,-1,2000,2000,4,450,250,10.3
0,72.096,-39.017,3.3631e-44,2000,1792,28.1,0,-1,2000,2000,4,450,250,10.4
0,72.096,-39.017,3.3631e-44,2000,1792,28.1,0,-1,2000,2000,4,450,250,10.5
0,72.096,-39.017,3.3631e-44,2000,1792,28.1,0,-1,2000,2000,4,450,250,10.6
0,84.367,-39.035,3.3631e-44,2000,1883,30.8,0,-1,2000,2000,4,450,250,10.7
0,84.367,-39.035,3.3631e-44,2000,1883,30.8,0,-1,2000,2000,4,450,250,10.8
0,84.367,-39.035,3.3631e-44,2000,1883,30.8,0,-1,2000,2000,4,450,250,10.9
0,96.22,-38.968,3.3631e-44,2000,1951,30.8,0,-1,2000,2000,4,450,250,11
0,96.22,-38.968,3.3631e-44,2000,1951,30.8,0,-1,2000,2000,4,450,250,11.1
0,96.22,-38.968,3.3631e-44,2000,1951,30.8,0,-1,2000,2000,4,450,250,11.2
0,110.57,-38.574,3.3631e-44,2000,1989,33.2,0,-1,2000,2000,4,450,250,11.3
0,110.57,-38.574,3.3631e-44,2000,1989,33.2,0,-1,2000,2000,4,450,250,11.4
0,110.57,-38.574,3.3631e-44,2000,1989,33.2,0,-1,2000,2000,4,450,250,11.5
0,127.35,-38.547,3.3631e-44,2000,1998,33.2,0,-1,2000,2000,4,450,250,11.6
0,127.35,-38.547,3.3631e-44,2000,1998,33.2,0,-1,2000,2000,4,450,250,11.7
0,127.35,-38.547,3.3631e-44,2000,1998,33.2,0,-1,2000,2000,4,450,250,11.8
0,143.72,-38.493,3.3631e-44,2000,2000,33.3,0,-1,2000,2000,4,450,250,11.9
0,143.72,-38.493,3.3631e-44,2000,2000,33.3,0,-1,2000,2000,4,450,250,12
0,143.72,-38.493,3.3631e-44,2000,2000,33.3,0,-1,2000,2000,4,450,250,12.1
0,159.56,-38.448,3.3631e-44,2000,2000,33.3,0,-1,2000,2000,4,450,250,12.2
0,159.56,-38.448,3.3631e-44,2000,2000,33.3,0,-1,2000,2000,4,450,250,12.3
0,159.56,-38.448,3.3631e-44,2000,2000,33.3,0,-1,2000,2000,4,450,250,12.4
0,173.93,-38.664,3.3631e-44,2000,2000,33.3,0,-1,2000,2000,4,450,250,12.5
0,173.93,-38.664,3.3631e-44,2000,2000,33.3,0,-1,2000,2000,4,450,250,12.6
0,173.93,-38.664,3.3631e-44,2000,2000,33.3,0,-1,2000,2000,4,450,250,12.7
0,185.81,-38.918,3.3631e-44,2000,2000,33.3,0,-1,2000,2000,4,450,250,12.8
0,185.81,-38.918,3.3631e-44,2000,2000,33.3,0,-1,2000,2000,4,450,250,12.9
0,185.81,-38.918,3.3631e-44,2000,2000,33.3,0,-1,2000,2000,4,450,250,13
0,195.33,-39.139,3.3631e-44,2000,2000,33.3,0,-1,2000,2000,4,450,250,13.1
0,195.33,-39.139,3.3631e-44,2000,2000,33.3,0,-1,2000,2000,4,450,250,13.2
0,195.33,-39.139,3.3631e-44,2000,2000,33.3,0,-1,2000,2000,4,450,250,13.3
0,205.87,-39.073,3.3631e-44,2000,2000,33.3,0,-1,2000,2000,4,450,250,13.4
0,205.87,-39.073,3.3631e-44,2000,2000,33.3,0,-1,2000,2000,4,450,250,13.5
0,205.87,-39.073,3.3631e-44,2000,2000,33.3,0,-1,2000,2000,4,450,250,13.6
0,217.82,-38.913,3.3631e-44,2000,2000,33.3,0,-1,2000,2000,4,450,250,13.7
0,217.82,-38.913,3.3631e-44,2000,2000,33.3,0,-1,2000,2000,4,450,250,13.8
0,217.82,-38.913,3.3631e-44,2000,2000,33.3,0,-1,2000,2000,4,450,250,13.9
0,229.19,-38.65,3.3631e-44,2000,2000,33.3,0,-1,2000,2000,4,450,250,14
0,229.19,-38.65,3.3631e-44,2000,2000,33.3,0,-1,2000,2000,4,450,250,14.1
0,229.19,-38.65,3.3631e-44,2000,2000,33.3,0,-1,2000,2000,4,450,250,14.2
0,235.13,-38.945,3.3631e-44,2000,2001,33.3,0,-1,2000,2000,4,450,250,14.3
0,235.13,-38.945,3.3631e-44,2000,2001,33.3,0,-1,2000,2000,4,450,250,14.4
0,235.13,-38.945,3.3631e-44,2000,2001,33.3,0,-1,2000,2000,4,450,250,14.5
0,242.35,-38.856,3.3631e-44,2000,2000,33.3,0,-1,2000,2000,4,450,250,14.6
0,242.35,-38.856,3.3631e-44,2000,2000,33.3,0,-1,2000,2000,4,450,250,14.7
0,242.35,-38.856,3.3631e-44,2000,2000,33.3,0,-1,2000,2000,4,450,250,14.8
0,249.43,-38.816,3.3631e-44,2000,2000,33.3,0,-1,2000,2000,4,450,250,14.9
0,249.43,-38.816,3.3631e-44,2000,2000,33.3,0,-1,2000,2000,4,450,250,15
0,249.43,-38.816,3.3631e-44,2000,2000,33.3,0,-1,2000,2000,4,450,250,15.1
0,255.82,-38.742,3.3631e-44,2000,2000,33.3,0,-1,2000,2000,4,450,250,15.2
0,255.82,-38.742,3.3631e-44,2000,2000,33.3,0,-1,2000,2000,4,450,250,15.3
0,255.82,-38.742,3.3631e-44,2000,2000,33.3,0,-1,2000,2000,4,450,250,15.4
0,259.8,-38.77,3.3631e-44,2000,2000,33.3,0,-1,2000,2000,4,450,250,15.5
0,259.8,-38.77,3.3631e-44,2000,2000,33.3,0,-1,2000,2000,4,450,250,15.6
0,259.8,-38.77,3.3631e-44,2000,2000,33.3,0,-1,2000,2000,4,450,250,15.7
0,262.92,-39.014,3.3631e-44,2000,2001,33.3,0,-1,2000,2000,4,450,250,15.8
0,262.92,-39.014,3.3631e-44,2000,2001,33.3,0,-1,2000,2000,4,450,250,15.9
0,262.92,-39.014,3.3631e-44,2000,2001,33.3,0,-1,2000,2000,4,450,250,16
0,265.58,-38.874,3.3631e-44,2000,2000,33.3,0,-1,2000,2000,4,450,250,16.1
0,265.58,-38.874,3.3631e-44,2000,2000,33.3,0,-1,2000,2000,4,450,250,16.2
0,265.58,-38.874,3.3631e-44,2000,2000,33.3,0,-1,2000,2000,4,450,250,16.3
0,268.33,-38.864,3.3631e-44,2000,2001,33.3,0,-1,2000,2000,4,450,250,16.4
0,268.33,-38.864,3.3631e-44,2000,2001,33.3,0,-1,2000,2000,4,450,250,16.5
0,268.33,-38.864,3.3631e-44,2000,2001,33.3,0,-1,2000,2000,4,450,250,16.6
0,272.41,-38.97,3.3631e-44,2000,2000,33.3,0,-1,2000,2000,4,450,250,16.7
0,272.41,-38.97,3.3631e-44,2000,2000,33.3,0,-1,2000,2000,4,450,250,16.8
0,272.41,-38.97,3.3631e-44,2000,2000,33.3,0,-1,2000,2000,4,450,250,16.9
0,273.03,-39.348,3.3631e-44,2000,2000,33.3,0,-1,2000,2000,4,450,250,17
0,273.03,-39.348,3.3631e-44,2000,2000,33.3,0,-1,2000,2000,4,450,250,17.1
0,273.03,-39.348,3.3631e-44,2000,2000,33.3,0,-1,2000,2000,4,450,250,17.2
0,274.49,-39.195,3.3631e-44,2000,2000,33.3,0,-1,2000,2000,4,450,250,17.3
0,274.49,-39.195,3.3631e-44,2000,2000,33.3,0,-1,2000,2000,4,450,250,17.4
0,274.49,-39.195,3.3631e-44,2000,2000,33.3,0,-1,2000,2000,4,450,250,17.5
0,275.18,-39.018,3.3631e-44,2000,2000,33.3,0,-1,2000,2000,4,450,250,17.6
0,275.18,-39.018,3.3631e-44,2000,2000,33.3,0,-1,2000,2000,4,450,250,17.7
0,275.18,-39.018,3.3631e-44,2000,2000,33.3,0,-1,2000,2000,4,450,250,17.8
0,276.3,-39.051,3.3631e-44,2000,2000,33.3,0,-1,2000,2000,4,450,250,17.9
0,276.3,-39.051,3.3631e-44,2000,2000,33.3,0,-1,2000,2000,4,450,250,18
0,276.3,-39.051,3.3631e-44,2000,2000,33.3,0,-1,2000,2000,4,450,250,18.1
0,279.71,-39.049,3.3631e-44,2000,2000,33.3,0,-1,2000,2000,4,450,250,18.2
0,279.71,-39.049,3.3631e-44,2000,2000,33.3,0,-1,2000,2000,4,450,250,18.3
0,282.2,-39.13,3.3631e-44,2000,2000,33.3,0,-1,2000,2000,4,450,250,18.4
0,282.2,-39.13,3.3631e-44,2000,2000,33.3,0,-1,2000,2000,4,450,250,18.5
0,282.2,-39.13,3.3631e-44,2000,2000,33.3,0,-1,2000,2000,4,450,250,18.6
0,282.2,-39.13,3.3631e-44,2000,2000,33.3,0,-1,2000,2000,4,450,250,18.7
0,282.32,-38.942,3.3631e-44,2000,2000,33.3,0,-1,2000,2000,4,450,250,18.8
0,282.32,-38.942,3.3631e-44,2000,2000,33.3,0,-1,2000,2000,4,450,250,18.9
0,282.32,-38.942,3.3631e-44,2000,2000,33.3,0,-1,2000,2000,4,450,250,19
0,284.11,-39.047,3.3631e-44,2000,2000,33.3,0,-1,2000,2000,4,450,250,19.1
0,284.11,-39.047,3.3631e-44,2000,2000,33.3,0,-1,2000,2000,4,450,250,19.2
0,284.11,-39.047,3.3631e-44,2000,2000,33.3,0,-1,2000,2000,4,450,250,19.3
0,286.98,-38.64,3.3631e-44,2000,2000,33.3,0,-1,2000,2000,4,450,250,19.4
0,286.98,-38.64,3.3631e-44,2000,2000,33.3,0,-1,2000,2000,4,450,250,19.5
0,286.98,-38.64,3.3631e-44,2000,2000,33.3,0,-1,2000,2000,4,450,250,19.6
0,289.17,-38.573,3.3631e-44,2000,2000,33.3,0,-1,2000,2000,4,450,250,19.7
0,289.17,-38.573,3.3631e-44,2000,2000,33.3,0,-1,2000,2000,4,450,250,19.8
0,289.17,-38.573,3.3631e-44,2000,2000,33.3,0,-1,2000,2000,4,450,250,19.9
0,289.51,-38.806,3.3631e-44,2000,2000,33.3,0,-1,2000,2000,4,450,250,20
0,289.51,-38.806,3.3631e-44,2000,2000,33.3,0,-1,2000,2000,4,450,250,20.1
0,289.51,-38.806,3.3631e-44,2000,2000,33.3,0,-1,2000,2000,4,450,250,20.2
0,289.5,-38.725,3.3631e-44,2000,2000,33.3,0,-1,2000,2000,4,450,250,20.3
0,289.5,-38.725,3.3631e-44,2000,2000,33.3,0,-1,2000,2000,4,450,250,20.4
0,289.5,-38.725,3.3631e-44,2000,2000,33.3,0,-1,2000,2000,4,450,250,20.5
0,292.28,-38.411,3.3631e-44,2000,2000,33.3,0,-1,2000,2000,4,450,250,20.6
0,292.28,-38.411,3.3631e-44,2000,2000,33.3,0,-1,2000,2000,4,450,250,20.7
0,292.28,-38.411,3.3631e-44,2000,2000,33.3,0,-1,2000,2000,4,450,250,20.8
0,293.44,-38.484,3.3631e-44,2000,2000,33.3,0,-1,2000,2000,4,450,250,20.9
0,293.44,-38.484,3.3631e-44,2000,2000,33.3,0,-1,2000,2000,4,450,250,21
0,293.44,-38.484,3.3631e-44,2000,2000,33.3,0,-1,2000,2000,4,450,250,21.1
0,295.27,-38.568,3.3631e-44,2000,1998,33.3,0,-1,2000,2000,4,450,250,21.2
0,295.27,-38.568,3.3631e-44,2000,1998,33.3,0,-1,2000,2000,4,450,250,21.3
0,295.27,-38.568,3.3631e-44,2000,1998,33.3,0,-1,2000,2000,4,450,250,21.4
0,295.51,-38.866,3.3631e-44,2000,1998,33.3,0,-1,2000,2000,4,450,250,21.5
0,295.51,-38.866,3.3631e-44,2000,1998,33.3,0,-1,2000,2000,4,450,250,21.6
0,295.51,-38.866,3.3631e-44,2000,1998,33.3,0,-1,2000,2000,4,450,250,21.7
0,293.8,-39.217,3.3631e-44,2000,2000,33.3,0,-1,2000,2000,4,450,250,21.8
0,293.8,-39.217,3.3631e-44,2000,2000,33.3,0,-1,2000,2000,4,450,250,21.9
0,293.8,-39.217,3.3631e-44,2000,2000,33.3,0,-1,2000,2000,4,450,250,22
0,294.29,-38.863,3.3631e-44,2000,2000,33.3,0,-1,2000,2000,4,450,250,22.1
0,294.29,-38.863,3.3631e-44,2000,2000,33.3,0,-1,2000,2000,4,450,250,22.2
0,294.29,-38.863,3.3631e-44,2000,2000,33.3,0,-1,2000,2000,4,450,250,22.3
0,295.28,-38.862,3.3631e-44,2000,2000,33.3,0,-1,2000,2000,4,450,250,22.4
0,295.28,-38.862,3.3631e-44,2000,2000,33.3,0,-1,2000,2000,4,450,250,22.5
0,295.28,-38.862,3.3631e-44,2000,2000,33.3,0,-1,2000,2000,4,450,250,22.6
0,297.43,-38.748,3.3631e-44,2000,2001,33.3,0,-1,2000,2000,4,450,250,22.7
0,297.43,-38.748,3.3631e-44,2000,2001,33.3,0,-1,2000,2000,4,450,250,22.8
0,297.43,-38.748,3.3631e-44,2000,2001,33.3,0,-1,2000,2000,4,450,250,22.9
0,298.33,-38.941,3.3631e-44,2000,2001,33.3,0,-1,2000,2000,4,450,250,23
0,298.33,-38.941,3.3631e-44,2000,2001,33.3,0,-1,2000,2000,4,450,250,23.1
0,298.33,-38.941,3.3631e-44,2000,2001,33.3,0,-1,2000,2000,4,450,250,23.2
0,298.06,-38.907,3.3631e-44,2000,2000,33.3,0,-1,2000,2000,4,450,250,23.3
0,298.06,-38.907,3.3631e-44,2000,2000,33.3,0,-1,2000,2000,4,450,250,23.4
0,298.06,-38.907,3.3631e-44,2000,2000,33.3,0,-1,2000,2000,4,450,250,23.5
0,297.96,-38.584,3.3631e-44,2000,2000,33.3,0,-1,2000,2000,4,450,250,23.6
0,297.96,-38.584,3.3631e-44,2000,2000,33.3,0,-1,2000,2000,4,450,250,23.7
0,297.96,-38.584,3.3631e-44,2000,2000,33.3,0,-1,2000,2000,4,450,250,23.8
0,297.56,-38.779,3.3631e-44,2000,2000,33.3,0,-1,2000,2000,4,450,250,23.9
0,297.56,-38.779,3.3631e-44,2000,2000,33.3,0,-1,2000,2000,4,450,250,24
0,297.56,-38.779,3.3631e-44,2000,2000,33.3,0,-1,2000,2000,4,450,250,24.1
0,298.96,-38.965,3.3631e-44,2000,2001,33.3,0,-1,2000,2000,4,450,250,24.2
0,298.96,-38.965,3.3631e-44,2000,2001,33.3,0,-1,2000,2000,4,450,250,24.3
0,298.96,-38.965,3.3631e-44,2000,2001,33.3,0,-1,2000,2000,4,450,250,24.4
0,300.22,-39.024,3.3631e-44,2000,2000,33.3,0,-1,2000,2000,4,450,250,24.5
0,300.22,-39.024,3.3631e-44,2000,2000,33.3,0,-1,2000,2000,4,450,250,24.6
0,300.22,-39.024,3.3631e-44,2000,2000,33.3,0,-1,2000,2000,4,450,250,24.7
0,300.22,-39.024,3.3631e-44,2000,2000,33.3,0,-1,2000,2000,4,450,250,24.8
0,300.22,-39.024,3.3631e-44,2000,2000,33.3,0,-1,2000,2000,4,450,250,24.9
0,300.22,-39.024,3.3631e-44,2000,2000,33.3,0,-1,2000,2000,4,450,250,25
0,301.35,-39.049,3.3631e-44,2000,2000,33.3,0,-1,2000,2000,4,450,250,25.1
0,301.35,-39.049,3.3631e-44,2000,2000,33.3,0,-1,2000,2000,4,450,250,25.2
0,301.35,-39.049,3.3631e-44,2000,2000,33.3,0,-1,2000,2000,4,450,250,25.3
0,301.07,-39.01,3.3631e-44,2000,2000,33.3,0,-1,2000,2000,4,450,250,25.4
0,301.07,-39.01,3.3631e-44,2000,2000,33.3,0,-1,2000,2000,4,450,250,25.5
0,301.07,-39.01,3.3631e-44,2000,2000,33.3,0,-1,2000,2000,4,450,250,25.6
0,299.31,-38.864,3.3631e-44,2000,2000,33.3,0,-1,2000,2000,4,450,250,25.7
0,299.31,-38.864,3.3631e-44,2000,2000,33.3,0,-1,2000,2000,4,450,250,25.8
0,299.31,-38.864,3.3631e-44,2000,2000,33.3,0,-1,2000,2000,4,450,250,25.9
0,296.71,-38.997,3.3631e-44,2000,2000,33.3,0,-1,2000,2000,4,450,250,26
0,296.71,-38.997,3.3631e-44,2000,2000,33.3,0,-1,2000,2000,4,450,250,26.1
0,296.71,-38.997,3.3631e-44,2000,2000,33.3,0,-1,2000,2000,4,450,250,26.2
0,295.36,-39.119,3.3631e-44,2000,2001,33.3,0,-1,2000,2000,4,450,250,26.3
0,295.36,-39.119,3.3631e-44,2000,2001,33.3,0,-1,2000,2000,4,450,250,26.4
0,295.36,-39.119,3.3631e-44,2000,2001,33.3,0,-1,2000,2000,4,450,250,26.5
0,297.76,-38.908,3.3631e-44,2000,2000,33.3,0,-1,2000,2000,4,450,250,26.6
0,297.76,-38.908,3.3631e-44,2000,2000,33.3,0,-1,2000,2000,4,450,250,26.7
0,297.76,-38.908,3.3631e-44,2000,2000,33.3,0,-1,2000,2000,4,450,250,26.8
0,298.3,-38.876,3.3631e-44,2000,2000,33.3,0,-1,2000,2000,4,450,250,26.9
0,298.3,-38.876,3.3631e-44,2000,2000,33.3,0,-1,2000,2000,4,450,250,27
0,298.3,-38.876,3.3631e-44,2000,2000,33.3,0,-1,2000,2000,4,450,250,27.1
0,297.89,-38.816,3.3631e-44,2000,2000,33.3,0,-1,2000,2000,4,450,250,27.2
0,297.89,-38.816,3.3631e-44,2000,2000,33.3,0,-1,2000,2000,4,450,250,27.3
0,297.89,-38.816,3.3631e-44,2000,2000,33.3,0,-1,2000,2000,4,450,250,27.4
0,299.71,-38.867,3.3631e-44,2000,2000,33.3,0,-1,2000,2000,4,450,250,27.5
0,299.71,-38.867,3.3631e-44,2000,2000,33.3,0,-1,2000,2000,4,450,250,27.6
0,299.71,-38.867,3.3631e-44,2000,2000,33.3,0,-1,2000,2000,4,450,250,27.7
0,302.56,-38.845,3.3631e-44,2000,1998,33.3,0,-1,2000,2000,4,450,250,27.8
0,302.56,-38.845,3.3631e-44,2000,1998,33.3,0,-1,2000,2000,4,450,250,27.9
0,302.56,-38.845,3.3631e-44,2000,1998,33.3,0,-1,2000,2000,4,450,250,28
0,303.97,-38.858,3.3631e-44,2000,2000,33.3,0,-1,2000,2000,4,450,250,28.1
0,303.97,-38.858,3.3631e-44,2000,2000,33.3,0,-1,2000,2000,4,450,250,28.2
0,303.97,-38.858,3.3631e-44,2000,2000,33.3,0,-1,2000,2000,4,450,250,28.3
0,304.55,-38.978,3.3631e-44,2000,2000,33.3,0,-1,2000,2000,4,450,250,28.4
0,304.55,-38.978,3.3631e-44,2000,2000,33.3,0,-1,2000,2000,4,450,250,28.5
0,304.55,-38.978,3.3631e-44,2000,2000,33.3,0,-1,2000,2000,4,450,250,28.6
0,301.61,-39.135,3.3631e-44,2000,2000,33.3,0,-1,2000,2000,4,450,250,28.7
0,301.61,-39.135,3.3631e-44,2000,2000,33.3,0,-1,2000,2000,4,450,250,28.8
0,301.61,-39.135,3.3631e-44,2000,2000,33.3,0,-1,2000,2000,4,450,250,28.9
0,302.87,-38.843,3.3631e-44,2000,2000,33.3,0,-1,2000,2000,4,450,250,29
0,302.87,-38.843,3.3631e-44,2000,2000,33.3,0,-1,2000,2000,4,450,250,29.1
0,302.87,-38.843,3.3631e-44,2000,2000,33.3,0,-1,2000,2000,4,450,250,29.2
0,303.51,-38.922,3.3631e-44,2000,2000,33.3,0,-1,2000,2000,4,450,250,29.3
0,303.51,-38.922,3.3631e-44,2000,2000,33.3,0,-1,2000,2000,4,450,250,29.4
0,303.51,-38.922,3.3631e-44,2000,2000,33.3,0,-1,2000,2000,4,450,250,29.5
0,304.31,-38.933,3.3631e-44,2000,2000,33.3,0,-1,2000,2000,4,450,250,29.6
0,304.31,-38.933,3.3631e-44,2000,2000,33.3,0,-1,2000,2000,4,450,250,29.7
0,304.31,-38.933,3.3631e-44,2000,2000,33.3,0,-1,2000,2000,4,450,250,29.8
0,304.99,-38.903,3.3631e-44,2000,2000,33.3,0,-1,2000,2000,4,450,250,29.9
0,304.99,-38.903,3.3631e-44,2000,2000,33.3,0,-1,2000,2000,4,450,250,30
0,304.99,-38.903,3.3631e-44,2000,2000,33.3,0,-1,2000,2000,4,450,250,30.1
0,302.38,-39.311,3.3631e-44,2000,2000,33.3,0,-1,2000,2000,4,450,250,30.2
0,302.38,-39.311,3.3631e-44,2000,2000,33.3,0,-1,2000,2000,4,450,250,30.3
0,302.38,-39.311,3.3631e-44,2000,2000,33.3,0,-1,2000,2000,4,450,250,30.4
0,302.38,-39.311,3.3631e-44,2000,2000,33.3,0,-1,2000,2000,4,450,250,30.5
0,301.76,-39.36,3.3631e-44,2000,2000,33.3,0,-1,2000,2000,4,450,250,30.6
0,301.76,-39.36,3.3631e-44,2000,2000,33.3,0,-1,2000,2000,4,450,250,30.7
0,299.78,-39.26,3.3631e-44,2000,2000,33.3,0,-1,2000,2000,4,450,250,30.8
0,299.78,-39.26,3.3631e-44,2000,2000,33.3,0,-1,2000,2000,4,450,250,30.9
0,299.78,-39.26,3.3631e-44,2000,2000,33.3,0,-1,2000,2000,4,450,250,31
0,299.48,-39.408,3.3631e-44,2000,2000,33.3,0,-1,2000,2000,4,450,250,31.1
0,299.48,-39.408,3.3631e-44,2000,2000,33.3,0,-1,2000,2000,4,450,250,31.2
0,299.48,-39.408,3.3631e-44,2000,2000,33.3,0,-1,2000,2000,4,450,250,31.3
0,297.35,-39.54,3.3631e-44,2000,2000,33.3,0,-1,2000,2000,4,450,250,31.4
0,297.35,-39.54,3.3631e-44,2000,2000,33.3,0,-1,2000,2000,4,450,250,31.5
0,297.35,-39.54,3.3631e-44,2000,2000,33.3,0,-1,2000,2000,4,450,250,31.6
0,294.4,-39.407,3.3631e-44,2000,2000,33.3,0,-1,2000,2000,4,450,250,31.7
0,294.4,-39.407,3.3631e-44,2000,2000,33.3,0,-1,2000,2000,4,450,250,31.8
0,294.4,-39.407,3.3631e-44,2000,2000,33.3,0,-1,2000,2000,4,450,250,31.9
0,293.6,-39.259,3.3631e-44,2000,2000,33.3,0,-1,2000,2000,4,450,250,32
0,293.6,-39.259,3.3631e-44,2000,2000,33.3,0,-1,2000,2000,4,450,250,32.1
0,293.6,-39.259,3.3631e-44,2000,2000,33.3,0,-1,2000,2000,4,450,250,32.2
0,292.96,-39.261,3.3631e-44,2000,2000,33.3,0,-1,2000,2000,4,450,250,32.3
0,292.96,-39.261,3.3631e-44,2000,2000,33.3,0,-1,2000,2000,4,450,250,32.4
0,292.96,-39.261,3.3631e-44,2000,2000,33.3,0,-1,2000,2000,4,450,250,32.5
0,291.33,-39.382,3.3631e-44,2000,2000,33.3,0,-1,2000,2000,4,450,250,32.6
0,291.33,-39.382,3.3631e-44,2000,2000,33.3,0,-1,2000,2000,4,450,250,32.7
0,291.33,-39.382,3.3631e-44,2000,2000,33.3,0,-1,2000,2000,4,450,250,32.8
0,291.33,-39.382,3.3631e-44,2000,2000,33.3,0,-1,2000,2000,4,450,250,32.9
0,291.76,-39.174,3.3631e-44,2000,2000,33.3,0,-1,2000,2000,4,450,250,33
0,291.76,-39.174,3.3631e-44,2000,2000,33.3,0,-1,2000,2000,4,450,250,33.1
0,291.76,-39.174,3.3631e-44,2000,2000,33.3,0,-1,2000,2000,4,450,250,33.2
0,291.77,-39.217,3.3631e-44,2000,2000,33.3,0,-1,2000,2000,4,450,250,33.3
0,291.77,-39.217,3.3631e-44,2000,2000,33.3,0,-1,2000,2000,4,450,250,33.4
0,290.34,-39.572,3.3631e-44,2000,2000,33.3,0,-1,2000,2000,4,450,250,33.5
0,290.34,-39.572,3.3631e-44,2000,2000,33.3,0,-1,2000,2000,4,450,250,33.6
0,290.34,-39.572,3.3631e-44,2000,2000,33.3,0,-1,2000,2000,4,450,250,33.7
0,290.34,-39.572,3.3631e-44,2000,2000,33.3,0,-1,2000,2000,4,450,250,33.8
0,287.89,-39.498,3.3631e-44,2000,2001,33.3,0,-1,2000,2000,4,450,250,33.9
0,287.89,-39.498,3.3631e-44,2000,2001,33.3,0,-1,2000,2000,4,450,250,34
0,286.11,-39.449,3.3631e-44,2000,2000,33.3,0,-1,2000,2000,4,450,250,34.1
0,286.11,-39.449,3.3631e-44,2000,2000,33.3,0,-1,2000,2000,4,450,250,34.2
0,286.11,-39.449,3.3631e-44,2000,2000,33.3,0,-1,2000,2000,4,450,250,34.3
0,286.86,-39.396,3.3631e-44,2000,2000,33.3,0,-1,2000,2000,4,450,250,34.4
0,286.86,-39.396,3.3631e-44,2000,2000,33.3,0,-1,2000,2000,4,450,250,34.5
0,286.86,-39.396,3.3631e-44,2000,2000,33.3,0,-1,2000,2000,4,450,250,34.6
0,287.56,-39.532,3.3631e-44,2000,1998,33.3,0,-1,2000,2000,4,450,250,34.7
0,287.56,-39.532,3.3631e-44,2000,1998,33.3,0,-1,2000,2000,4,450,250,34.8
0,287.56,-39.532,3.3631e-44,2000,1998,33.3,0,-1,2000,2000,4,450,250,34.9
0,287.56,-39.532,3.3631e-44,2000,1998,33.3,0,-1,2000,2000,4,450,250,35
0,285.4,-39.841,3.3631e-44,2000,2000,33.3,0,-1,2000,2000,4,450,250,35.1
0,285.4,-39.841,3.3631e-44,2000,2000,33.3,0,-1,2000,2000,4,450,250,35.2
0,287.7,-39.383,3.3631e-44,2000,2000,33.3,0,-1,2000,2000,4,450,250,35.3
0,287.7,-39.383,3.3631e-44,2000,2000,33.3,0,-1,2000,2000,4,450,250,35.4
0,287.7,-39.383,3.3631e-44,2000,2000,33.3,0,-1,2000,2000,4,450,250,35.5
0,289.12,-39.135,3.3631e-44,2000,2000,33.3,0,-1,2000,2000,4,450,250,35.6
0,289.12,-39.135,3.3631e-44,2000,2000,33.3,0,-1,2000,2000,4,450,250,35.7
0,289.12,-39.135,3.3631e-44,2000,2000,33.3,0,-1,2000,2000,4,450,250,35.8
0,288.6,-39.073,3.3631e-44,2000,2000,33.3,0,-1,2000,2000,4,450,250,35.9
0,288.6,-39.073,3.3631e-44,2000,2000,33.3,0,-1,2000,2000,4,450,250,36
0,288.6,-39.073,3.3631e-44,2000,2000,33.3,0,-1,2000,2000,4,450,250,36.1
0,288.6,-39.073,3.3631e-44,2000,2000,33.3,0,-1,2000,2000,4,450,250,36.2
0,289.62,-38.968,3.3631e-44,2000,2000,33.3,0,-1,2000,2000,4,450,250,36.3
0,289.62,-38.968,3.3631e-44,2000,2000,33.3,0,-1,2000,2000,4,450,250,36.4
0,289.62,-38.968,3.3631e-44,2000,2000,33.3,0,-1,2000,2000,4,450,250,36.5
0,289.67,-39.018,3.3631e-44,2000,2000,33.3,0,-1,2000,2000,4,450,250,36.6
0,289.67,-39.018,3.3631e-44,2000,2000,33.3,0,-1,2000,2000,4,450,250,36.7
0,288.98,-39.468,3.3631e-44,2000,2000,33.3,0,-1,2000,2000,4,450,250,36.8
0,288.98,-39.468,3.3631e-44,2000,2000,33.3,0,-1,2000,2000,4,450,250,36.9
0,288.98,-39.468,3.3631e-44,2000,2000,33.3,0,-1,2000,2000,4,450,250,37
0,290.77,-39.217,3.3631e-44,2000,2000,33.3,0,-1,2000,2000,4,450,250,37.1
0,290.77,-39.217,3.3631e-44,2000,2000,33.3,0,-1,2000,2000,4,450,250,37.2
0,290.77,-39.217,3.3631e-44,2000,2000,33.3,0,-1,2000,2000,4,450,250,37.3
0,290.77,-39.217,3.3631e-44,2000,2000,33.3,0,-1,2000,2000,4,450,250,37.4
0,294.51,-39.174,3.3631e-44,2000,2000,33.3,0,-1,2000,2000,4,450,250,37.5
0,294.51,-39.174,3.3631e-44,2000,2000,33.3,0,-1,2000,2000,4,450,250,37.6
0,296.69,-39.345,3.3631e-44,2000,2000,33.3,0,-1,2000,2000,4,450,250,37.7
0,296.69,-39.345,3.3631e-44,2000,2000,33.3,0,-1,2000,2000,4,450,250,37.8
0,296.69,-39.345,3.3631e-44,2000,2000,33.3,0,-1,2000,2000,4,450,250,37.9
0,296.69,-39.345,3.3631e-44,2000,2000,33.3,0,-1,2000,2000,4,450,250,38
0,295.73,-39.293,3.3631e-44,2000,2000,33.3,0,-1,2000,2000,4,450,250,38.1
0,295.73,-39.293,3.3631e-44,2000,2000,33.3,0,-1,2000,2000,4,450,250,38.2
0,295.73,-39.293,3.3631e-44,2000,2000,33.3,0,-1,2000,2000,4,450,250,38.3
0,293.93,-39.319,3.3631e-44,2000,2000,33.3,0,-1,2000,2000,4,450,250,38.4
0,293.93,-39.319,3.3631e-44,2000,2000,33.3,0,-1,2000,2000,4,450,250,38.5
0,293.93,-39.319,3.3631e-44,2000,2000,33.3,0,-1,2000,2000,4,450,250,38.6
0,293.35,-39.524,3.3631e-44,2000,2000,33.3,0,-1,2000,2000,4,450,250,38.7
0,293.35,-39.524,3.3631e-44,2000,2000,33.3,0,-1,2000,2000,4,450,250,38.8
0,293.35,-39.524,3.3631e-44,2000,2000,33.3,0,-1,2000,2000,4,450,250,38.9
0,293.15,-39.314,3.3631e-44,2000,2000,33.3,0,-1,2000,2000,4,450,250,39
0,293.15,-39.314,3.3631e-44,2000,2000,33.3,0,-1,2000,2000,4,450,250,39.1
0,293.52,-39.296,3.3631e-44,2000,2000,33.3,0,-1,2000,2000,4,450,250,39.2
0,293.52,-39.296,3.3631e-44,2000,2000,33.3,0,-1,2000,2000,4,450,250,39.3
0,293.52,-39.296,3.3631e-44,2000,2000,33.3,0,-1,2000,2000,4,450,250,39.4
0,293.52,-39.296,3.3631e-44,2000,2000,33.3,0,-1,2000,2000,4,450,250,39.5
0,291.12,-39.87,3.3631e-44,2000,2000,33.3,0,-1,2000,2000,4,450,250,39.6
0,291.12,-39.87,3.3631e-44,2000,2000,33.3,0,-1,2000,2000,4,450,250,39.7
0,290.97,-39.642,3.3631e-44,2000,2000,33.3,0,-1,2000,2000,4,450,250,39.8
0,290.97,-39.642,3.3631e-44,2000,2000,33.3,0,-1,2000,2000,4,450,250,39.9
0,290.97,-39.642,3.3631e-44,2000,2000,33.3,0,-1,2000,2000,4,450,250,40
0,290.97,-39.642,3.3631e-44,2000,2000,33.3,0,-1,2000,2000,4,450,250,40.1
0,292.24,-39.378,3.3631e-44,2000,1998,33.3,0,-1,2000,2000,4,450,250,40.2
0,292.24,-39.378,3.3631e-44,2000,1998,33.3,0,-1,2000,2000,4,450,250,40.3
0,292.17,-39.455,3.3631e-44,2000,2000,33.3,0,-1,2000,2000,4,450,250,40.4
0,292.17,-39.455,3.3631e-44,2000,2000,33.3,0,-1,2000,2000,4,450,250,40.5
0,292.17,-39.455,3.3631e-44,2000,2000,33.3,0,-1,2000,2000,4,450,250,40.6
0,292.17,-39.455,3.3631e-44,2000,2000,33.3,0,-1,2000,2000,4,450,250,40.7
0,291.7,-39.498,3.3631e-44,2000,2000,33.3,0,-1,2000,2000,4,450,250,40.8
0,291.7,-39.498,3.3631e-44,2000,2000,33.3,0,-1,2000,2000,4,450,250,40.9
0,291.7,-39.498,3.3631e-44,2000,2000,33.3,0,-1,2000,2000,4,450,250,41
0,292.76,-39.304,3.3631e-44,2000,2000,33.3,0,-1,2000,2000,4,450,250,41.1
0,292.76,-39.304,3.3631e-44,2000,2000,33.3,0,-1,2000,2000,4,450,250,41.2
0,290.77,-39.465,3.3631e-44,2000,2000,33.3,2,-1,2000,2000,4,450,250,41.3
0,290.77,-39.465,3.3631e-44,2000,2000,33.3,2,-1,2000,2000,4,450,250,41.4
0,290.77,-39.465,3.3631e-44,2000,2000,33.3,2,-1,2000,2000,4,450,250,41.5
0,290.55,-39.164,3.3631e-44,2000,2000,33.3,2,-1,2000,2000,4,450,250,41.6
0,290.55,-39.164,3.3631e-44,2000,2000,33.3,2,-1,2000,2000,4,450,250,41.7
0,290.55,-39.164,3.3631e-44,2000,2000,33.3,2,-1,2000,2000,4,450,250,41.8
0,290.55,-39.164,3.3631e-44,2000,2000,33.3,2,-1,2000,2000,4,450,250,41.9
0,288.78,-39.213,3.3631e-44,2000,2000,33.3,2,-1,2000,2000,4,450,250,42
0,288.78,-39.213,3.3631e-44,2000,2000,33.3,2,-1,2000,2000,4,450,250,42.1
0,288.78,-39.213,3.3631e-44,2000,2000,33.3,2,-1,2000,2000,4,450,250,42.2
0,289.75,-38.882,3.3631e-44,2000,2000,33.3,2,-1,2000,2000,4,450,250,42.3
0,289.75,-38.882,3.3631e-44,2000,2000,33.3,2,-1,2000,2000,4,450,250,42.4
0,290.99,-39.054,3.3631e-44,2000,2000,33.3,2,-1,2000,2000,4,450,250,42.5
0,290.99,-39.054,3.3631e-44,2000,2000,33.3,2,-1,2000,2000,4,450,250,42.6
0,290.99,-39.054,3.3631e-44,2000,2000,33.3,2,-1,2000,2000,4,450,250,42.7
0,290.99,-39.054,3.3631e-44,2000,2000,33.3,2,-1,2000,2000,4,450,250,42.8
0,290.43,-39.551,3.3631e-44,2000,2000,33.3,2,-1,2000,2000,4,450,250,42.9
0,290.43,-39.551,3.3631e-44,2000,2000,33.3,2,-1,2000,2000,4,450,250,43
0,290.17,-39.464,3.3631e-44,2000,1998,33.3,2,-1,2000,2000,4,450,250,43.1
0,290.17,-39.464,3.3631e-44,2000,1998,33.3,2,-1,2000,2000,4,450,250,43.2
0,290.17,-39.464,3.3631e-44,2000,1998,33.3,2,-1,2000,2000,4,450,250,43.3
0,290.17,-39.464,3.3631e-44,2000,1998,33.3,2,-1,2000,2000,4,450,250,43.4
0,289.84,-39.364,3.3631e-44,2000,2000,33.3,2,-1,2000,2000,4,450,250,43.5
0,289.84,-39.364,3.3631e-44,2000,2000,33.3,2,-1,2000,2000,4,450,250,43.6
0,290.04,-39.365,3.3631e-44,2000,2000,33.3,2,-1,2000,2000,4,450,250,43.7
0,290.04,-39.365,3.3631e-44,2000,2000,33.3,2,-1,2000,2000,4,450,250,43.8
0,290.04,-39.365,3.3631e-44,2000,2000,33.3,2,-1,2000,2000,4,450,250,43.9
0,290.04,-39.365,3.3631e-44,2000,2000,33.3,2,-1,2000,2000,4,450,250,44
0,289.23,-39.672,3.3631e-44,2000,2000,33.3,2,-1,2000,2000,4,450,250,44.1
0,289.23,-39.672,3.3631e-44,2000,2000,33.3,2,-1,2000,2000,4,450,250,44.2
0,289.23,-39.672,3.3631e-44,2000,2000,33.3,2,-1,2000,2000,4,450,250,44.3
0,288.07,-39.618,3.3631e-44,2000,2000,33.3,2,-1,2000,2000,4,450,250,44.4
0,288.07,-39.618,3.3631e-44,2000,2000,33.3,2,-1,2000,2000,4,450,250,44.5
0,288.07,-39.618,3.3631e-44,2000,2000,33.3,2,-1,2000,2000,4,450,250,44.6
0,290.57,-39.127,3.3631e-44,2000,2000,33.3,2,-1,2000,2000,4,450,250,44.7
0,290.57,-39.127,3.3631e-44,2000,2000,33.3,2,-1,2000,2000,4,450,250,44.8
0,290.57,-39.127,3.3631e-44,2000,2000,33.3,2,-1,2000,2000,4,450,250,44.9
0,291.82,-39.379,3.3631e-44,2000,2000,33.3,2,-1,2000,2000,4,450,250,45
0,291.82,-39.379,3.3631e-44,2000,2000,33.3,2,-1,2000,2000,4,450,250,45.1
0,292.68,-39.305,3.3631e-44,2000,2000,33.3,2,-1,2000,2000,4,450,250,45.2
0,292.68,-39.305,3.3631e-44,2000,2000,33.3,2,-1,2000,2000,4,450,250,45.3
0,292.68,-39.305,3.3631e-44,2000,2000,33.3,2,-1,2000,2000,4,450,250,45.4
0,291.82,-39.274,3.3631e-44,2000,2000,33.3,2,-1,2000,2000,4,450,250,45.5
0,291.82,-39.274,3.3631e-44,2000,2000,33.3,2,-1,2000,2000,4,450,250,45.6
0,291.82,-39.274,3.3631e-44,2000,2000,33.3,2,-1,2000,2000,4,450,250,45.7
0,291.82,-39.274,3.3631e-44,2000,2000,33.3,2,-1,2000,2000,4,450,250,45.8
0,291.07,-39.268,3.3631e-44,2000,2000,33.3,2,-1,2000,2000,4,450,250,45.9
0,291.07,-39.268,3.3631e-44,2000,2000,33.3,2,-1,2000,2000,4,450,250,46
0,292.27,-39.408,3.3631e-44,2000,2000,33.3,2,-1,2000,2000,4,450,250,46.1
0,292.27,-39.408,3.3631e-44,2000,2000,33.3,2,-1,2000,2000,4,450,250,46.2
0,292.27,-39.408,3.3631e-44,2000,2000,33.3,2,-1,2000,2000,4,450,250,46.3
0,290.62,-39.336,3.3631e-44,2000,2000,33.3,2,-1,2000,2000,4,450,250,46.4
0,290.62,-39.336,3.3631e-44,2000,2000,33.3,2,-1,2000,2000,4,450,250,46.5
0,290.62,-39.336,3.3631e-44,2000,2000,33.3,2,-1,2000,2000,4,450,250,46.6
0,290.62,-39.336,3.3631e-44,2000,2000,33.3,2,-1,2000,2000,4,450,250,46.7
0,291.48,-39.34,3.3631e-44,2000,2000,33.3,2,-1,2000,2000,4,450,250,46.8
0,291.48,-39.34,3.3631e-44,2000,2000,33.3,2,-1,2000,2000,4,450,250,46.9
0,291.48,-39.34,3.3631e-44,2000,2000,33.3,2,-1,2000,2000,4,450,250,47
0,292.9,-39.823,3.3631e-44,2000,2001,33.3,2,-1,2000,2000,4,450,250,47.1
0,292.9,-39.823,3.3631e-44,2000,2001,33.3,2,-1,2000,2000,4,450,250,47.2
0,292.9,-39.823,3.3631e-44,2000,2001,33.3,2,-1,2000,2000,4,450,250,47.3
0,293.49,-39.399,3.3631e-44,2000,2001,33.3,2,-1,2000,2000,4,450,250,47.4
0,293.49,-39.399,3.3631e-44,2000,2001,33.3,2,-1,2000,2000,4,450,250,47.5
0,293.49,-39.399,3.3631e-44,2000,2001,33.3,2,-1,2000,2000,4,450,250,47.6
0,293.31,-39.077,3.3631e-44,2000,2000,33.3,2,-1,2000,2000,4,450,250,47.7
0,293.31,-39.077,3.3631e-44,2000,2000,33.3,2,-1,2000,2000,4,450,250,47.8
0,293.31,-39.077,3.3631e-44,2000,2000,33.3,2,-1,2000,2000,4,450,250,47.9
0,293.94,-38.909,3.3631e-44,2000,2000,33.3,2,-1,2000,2000,4,450,250,48
0,293.94,-38.909,3.3631e-44,2000,2000,33.3,2,-1,2000,2000,4,450,250,48.1
0,293.94,-38.909,3.3631e-44,2000,2000,33.3,2,-1,2000,2000,4,450,250,48.2
0,294.47,-38.873,3.3631e-44,2000,2000,33.3,2,-1,2000,2000,4,450,250,48.3
0,294.47,-38.873,3.3631e-44,2000,2000,33.3,2,-1,2000,2000,4,450,250,48.4
0,294.47,-38.873,3.3631e-44,2000,2000,33.3,2,-1,2000,2000,4,450,250,48.5
0,292.77,-39.002,3.3631e-44,2000,2000,33.3,2,-1,2000,2000,4,450,250,48.6
0,292.77,-39.002,3.3631e-44,2000,2000,33.3,2,-1,2000,2000,4,450,250,48.7
0,292.77,-39.002,3.3631e-44,2000,2000,33.3,2,-1,2000,2000,4,450,250,48.8
0,293.39,-38.95,3.3631e-44,2000,2000,33.3,2,-1,2000,2000,4,450,250,48.9
0,293.39,-38.95,3.3631e-44,2000,2000,33.3,2,-1,2000,2000,4,450,250,49
0,293.39,-38.95,3.3631e-44,2000,2000,33.3,2,-1,2000,2000,4,450,250,49.1
0,295.04,-39.041,3.3631e-44,2000,2000,33.3,2,-1,2000,2000,4,450,250,49.2
0,295.04,-39.041,3.3631e-44,2000,2000,33.3,2,-1,2000,2000,4,450,250,49.3
0,295.04,-39.041,3.3631e-44,2000,2000,33.3,2,-1,2000,2000,4,450,250,49.4
0,294.61,-39.215,3.3631e-44,2000,2000,33.3,2,-1,2000,2000,4,450,250,49.5
0,294.61,-39.215,3.3631e-44,2000,2000,33.3,2,-1,2000,2000,4,450,250,49.6
0,294.61,-39.215,3.3631e-44,2000,2000,33.3,2,-1,2000,2000,4,450,250,49.7
0,294.01,-39.412,3.3631e-44,2000,2000,33.3,2,0,2031.8,2001.4,4,450,250,49.8
0,294.01,-39.412,3.3631e-44,2000,2000,33.3,2,0,2031.8,2001.4,4,450,250,49.9
0,294.01,-39.412,3.3631e-44,2000,2000,33.3,2,0,2031.8,2001.4,4,450,250,50
0,292.26,-39.365,3.3631e-44,2018,2007,33.3,2,0,2120.3,2017.9,4,450,250,50.1
0,292.26,-39.365,3.3631e-44,2018,2007,33.3,2,0,2120.3,2017.9,4,450,250,50.2
0,292.26,-39.365,3.3631e-44,2018,2007,33.3,2,0,2120.3,2017.9,4,450,250,50.3
0,291.72,-39.178,3.3631e-44,2018,2025,33.6,2,0,2213.8,2050.1,4,450,250,50.4
0,291.72,-39.178,3.3631e-44,2018,2025,33.6,2,0,2213.8,2050.1,4,450,250,50.5
0,291.72,-39.178,3.3631e-44,2018,2025,33.6,2,0,2213.8,2050.1,4,450,250,50.6
0,293.71,-39.207,3.3631e-44,2220,2104,33.6,2,0,2302.9,2096.9,4,450,250,50.7
0,293.71,-39.207,3.3631e-44,2220,2104,33.6,2,0,2302.9,2096.9,4,450,250,50.8
0,293.71,-39.207,3.3631e-44,2220,2104,33.6,2,0,2302.9,2096.9,4,450,250,50.9
0,294.95,-39.338,3.3631e-44,2319,2185,35.8,2,0,2393.5,2150.4,4,450,250,51
0,294.95,-39.338,3.3631e-44,2319,2185,35.8,2,0,2393.5,2150.4,4,450,250,51.1
0,294.95,-39.338,3.3631e-44,2319,2185,35.8,2,0,2393.5,2150.4,4,450,250,51.2
0,296.95,-39.386,3.3631e-44,2388,2281,36.9,2,0,2486.2,2216.9,4,450,250,51.3
0,296.95,-39.386,3.3631e-44,2388,2281,36.9,2,0,2486.2,2216.9,4,450,250,51.4
0,296.95,-39.386,3.3631e-44,2388,2281,36.9,2,0,2486.2,2216.9,4,450,250,51.5
0,301.7,-39.421,3.3631e-44,2452,2369,38.1,2,0,2579.2,2288.2,4,450,250,51.6
0,301.7,-39.421,3.3631e-44,2452,2369,38.1,2,0,2579.2,2288.2,4,450,250,51.7
0,301.7,-39.421,3.3631e-44,2452,2369,38.1,2,0,2579.2,2288.2,4,450,250,51.8
0,304.88,-39.456,3.3631e-44,2588,2447,40,2,0,2663.1,2357.1,4,450,250,51.9
0,304.88,-39.456,3.3631e-44,2588,2447,40,2,0,2663.1,2357.1,4,450,250,52
0,304.88,-39.456,3.3631e-44,2588,2447,40,2,0,2663.1,2357.1,4,450,250,52.1
0,308.94,-39.212,3.3631e-44,2653,2531,41.4,2,0,2754,2436.6,4,450,250,52.2
0,308.94,-39.212,3.3631e-44,2653,2531,41.4,2,0,2754,2436.6,4,450,250,52.3
0,308.94,-39.212,3.3631e-44,2653,2531,41.4,2,0,2754,2436.6,4,450,250,52.4
0,319.51,-39.284,3.3631e-44,2788,2625,43.5,2,0,2847.3,2515.9,4,450,250,52.5
0,319.51,-39.284,3.3631e-44,2788,2625,43.5,2,0,2847.3,2515.9,4,450,250,52.6
0,319.51,-39.284,3.3631e-44,2788,2625,43.5,2,0,2847.3,2515.9,4,450,250,52.7
0,330.27,-39.4,3.3631e-44,2788,2727,45.2,2,0,2941.2,2604.4,4,450,250,52.8
0,330.27,-39.4,3.3631e-44,2788,2727,45.2,2,0,2941.2,2604.4,4,450,250,52.9
0,330.27,-39.4,3.3631e-44,2788,2727,45.2,2,0,2941.2,2604.4,4,450,250,53
0,339.76,-39.258,3.3631e-44,2951,2806,45.2,2,0,3023.4,2682.6,4,450,250,53.1
0,339.76,-39.258,3.3631e-44,2951,2806,45.2,2,0,3023.4,2682.6,4,450,250,53.2
0,339.76,-39.258,3.3631e-44,2951,2806,45.2,2,0,3023.4,2682.6,4,450,250,53.3
0,352.63,-39.285,3.3631e-44,3047,2891,47.9,2,0,3114.5,2767.8,4,450,250,53.4
0,352.63,-39.285,3.3631e-44,3047,2891,47.9,2,0,3114.5,2767.8,4,450,250,53.5
0,352.63,-39.285,3.3631e-44,3047,2891,47.9,2,0,3114.5,2767.8,4,450,250,53.6
0,367.79,-39.325,3.3631e-44,3115,3000,48.9,2,0,3208.1,2854.6,4,450,250,53.7
0,367.79,-39.325,3.3631e-44,3115,3000,48.9,2,0,3208.1,2854.6,4,450,250,53.8
0,367.79,-39.325,3.3631e-44,3115,3000,48.9,2,0,3208.1,2854.6,4,450,250,53.9
0,383.78,-39.232,3.3631e-44,3181,3078,50.2,2,0,3300.2,2943.8,4,450,250,54
0,383.78,-39.232,3.3631e-44,3181,3078,50.2,2,0,3300.2,2943.8,4,450,250,54.1
0,383.78,-39.232,3.3631e-44,3181,3078,50.2,2,0,3300.2,2943.8,4,450,250,54.2
0,401.72,-39.324,3.3631e-44,3278,3165,51.7,2,0,3388.4,3029.8,4,450,250,54.3
0,401.72,-39.324,3.3631e-44,3278,3165,51.7,2,0,3388.4,3029.8,4,450,250,54.4
0,401.72,-39.324,3.3631e-44,3278,3165,51.7,2,0,3388.4,3029.8,4,450,250,54.5
0,423.08,-39.435,3.3631e-44,3376,3254,53.3,2,0,3476.9,3117.9,4,450,250,54.6
0,423.08,-39.435,3.3631e-44,3376,3254,53.3,2,0,3476.9,3117.9,4,450,250,54.7
0,423.08,-39.435,3.3631e-44,3376,3254,53.3,2,0,3476.9,3117.9,4,450,250,54.8
0,447.91,-39.344,3.3631e-44,3443,3357,54.5,2,0,3572.8,3210.9,4,450,250,54.9
0,447.91,-39.344,3.3631e-44,3443,3357,54.5,2,0,3572.8,3210.9,4,450,250,55
0,447.91,-39.344,3.3631e-44,3443,3357,54.5,2,0,3572.8,3210.9,4,450,250,55.1
0,472.67,-39.435,3.3631e-44,3573,3442,56.4,2,0,3600,3297.2,4,450,250,55.2
0,472.67,-39.435,3.3631e-44,3573,3442,56.4,2,0,3600,3297.2,4,450,250,55.3
0,472.67,-39.435,3.3631e-44,3573,3442,56.4,2,0,3600,3297.2,4,450,250,55.4
0,499.57,-39.397,3.3631e-44,3599,3528,57.6,2,0,3600,3363.8,4,450,250,55.5
0,499.57,-39.397,3.3631e-44,3599,3528,57.6,2,0,3600,3363.8,4,450,250,55.6
0,499.57,-39.397,3.3631e-44,3599,3528,57.6,2,0,3600,3363.8,4,450,250,55.7
0,530.14,-39.223,3.3631e-44,3599,3579,59.6,2,0,3600,3415.3,4,450,250,55.8
0,530.14,-39.223,3.3631e-44,3599,3579,59.6,2,0,3600,3415.3,4,450,250,55.9
0,530.14,-39.223,3.3631e-44,3599,3579,59.6,2,0,3600,3415.3,4,450,250,56
0,561.48,-39.374,3.3631e-44,3599,3595,59.6,2,0,3600,3455.7,4,450,250,56.1
0,561.48,-39.374,3.3631e-44,3599,3595,59.6,2,0,3600,3455.7,4,450,250,56.2
0,561.48,-39.374,3.3631e-44,3599,3595,59.6,2,0,3600,3455.7,4,450,250,56.3
0,594.09,-39.452,3.3631e-44,3599,3598,60,2,0,3600,3486.7,4,450,250,56.4
0,594.09,-39.452,3.3631e-44,3599,3598,60,2,0,3600,3486.7,4,450,250,56.5
0,594.09,-39.452,3.3631e-44,3599,3598,60,2,0,3600,3486.7,4,450,250,56.6
0,625.33,-39.41,3.3631e-44,3599,3599,60,2,0,3600,3512.3,4,450,250,56.7
0,625.33,-39.41,3.3631e-44,3599,3599,60,2,0,3600,3512.3,4,450,250,56.8
0,625.33,-39.41,3.3631e-44,3599,3599,60,2,0,3600,3512.3,4,450,250,56.9
0,655.86,-39.466,3.3631e-44,3599,3599,60,2,0,3600,3531.5,4,450,250,57
0,655.86,-39.466,3.3631e-44,3599,3599,60,2,0,3600,3531.5,4,450,250,57.1
0,655.86,-39.466,3.3631e-44,3599,3599,60,2,0,3600,3531.5,4,450,250,57.2
0,683.8,-39.487,3.3631e-44,3599,3599,60,2,0,3600,3547.1,4,450,250,57.3
0,683.8,-39.487,3.3631e-44,3599,3599,60,2,0,3600,3547.1,4,450,250,57.4
0,683.8,-39.487,3.3631e-44,3599,3599,60,2,0,3600,3547.1,4,450,250,57.5
0,711.76,-39.495,3.3631e-44,3599,3600,60,2,0,3600,3558.7,4,450,250,57.6
0,711.76,-39.495,3.3631e-44,3599,3600,60,2,0,3600,3558.7,4,450,250,57.7
0,711.76,-39.495,3.3631e-44,3599,3600,60,2,0,3600,3558.7,4,450,250,57.8
0,738.1,-39.498,3.3631e-44,3599,3599,60,2,0,3600,3567.8,4,450,250,57.9
0,738.1,-39.498,3.3631e-44,3599,3599,60,2,0,3600,3567.8,4,450,250,58
0,738.1,-39.498,3.3631e-44,3599,3599,60,2,0,3600,3567.8,4,450,250,58.1
0,762.36,-39.499,3.3631e-44,3599,3600,60,2,0,3600,3575,4,450,250,58.2
0,762.36,-39.499,3.3631e-44,3599,3600,60,2,0,3600,3575,4,450,250,58.3
0,762.36,-39.499,3.3631e-44,3599,3600,60,2,0,3600,3575,4,450,250,58.4
0,782.29,-39.5,3.3631e-44,3599,3599,60,2,0,3600,3580.5,4,450,250,58.5
0,782.29,-39.5,3.3631e-44,3599,3599,60,2,0,3600,3580.5,4,450,250,58.6
0,782.29,-39.5,3.3631e-44,3599,3599,60,2,0,3600,3580.5,4,450,250,58.7
0,799.04,-39.347,3.3631e-44,3599,3599,60,2,0,3600,3584.9,4,450,250,58.8
0,799.04,-39.347,3.3631e-44,3599,3599,60,2,0,3600,3584.9,4,450,250,58.9
0,799.04,-39.347,3.3631e-44,3599,3599,60,2,0,3600,3584.9,4,450,250,59
0,814.09,-39.403,3.3631e-44,3599,3599,60,2,0,3600,3588.1,4,450,250,59.1
0,814.09,-39.403,3.3631e-44,3599,3599,60,2,0,3600,3588.1,4,450,250,59.2
0,814.09,-39.403,3.3631e-44,3599,3599,60,2,0,3600,3588.1,4,450,250,59.3
0,829.16,-39.466,3.3631e-44,3599,3599,60,2,0,3600,3590.8,4,450,250,59.4
0,829.16,-39.466,3.3631e-44,3599,3599,60,2,0,3600,3590.8,4,450,250,59.5
0,829.16,-39.466,3.3631e-44,3599,3599,60,2,0,3600,3590.8,4,450,250,59.6
0,829.16,-39.466,3.3631e-44,3599,3599,60,2,0,3600,3590.8,4,450,250,59.7
0,829.16,-39.466,3.3631e-44,3599,3599,60,2,0,3600,3590.8,4,450,250,59.8
0,829.16,-39.466,3.3631e-44,3599,3599,60,2,0,3600,3590.8,4,450,250,59.9
0,852.84,-39.495,3.3631e-44,3599,3599,60,2,0,3600,3594.4,4,450,250,60
0,852.84,-39.495,3.3631e-44,3599,3599,60,2,0,3600,3594.4,4,450,250,60.1
0,852.84,-39.495,3.3631e-44,3599,3599,60,2,0,3600,3594.4,4,450,250,60.2
0,863.3,-39.498,3.3631e-44,3599,3599,60,2,0,3600,3595.6,4,450,250,60.3
0,863.3,-39.498,3.3631e-44,3599,3599,60,2,0,3600,3595.6,4,450,250,60.4
0,863.3,-39.498,3.3631e-44,3599,3599,60,2,0,3600,3595.6,4,450,250,60.5
0,873.55,-39.499,3.3631e-44,3599,3599,60,2,0,3600,3596.6,4,450,250,60.6
0,873.55,-39.499,3.3631e-44,3599,3599,60,2,0,3600,3596.6,4,450,250,60.7
0,873.55,-39.499,3.3631e-44,3599,3599,60,2,0,3600,3596.6,4,450,250,60.8
0,873.55,-39.499,3.3631e-44,3599,3599,60,2,0,3600,3596.6,4,450,250,60.9
0,873.55,-39.499,3.3631e-44,3599,3599,60,2,0,3600,3596.6,4,450,250,61
0,873.55,-39.499,3.3631e-44,3599,3599,60,2,0,3600,3596.6,4,450,250,61.1
0,890.14,-39.474,3.3631e-44,3599,3599,60,2,0,3600,3597.9,4,450,250,61.2
0,890.14,-39.474,3.3631e-44,3599,3599,60,2,0,3600,3597.9,4,450,250,61.3
0,890.14,-39.474,3.3631e-44,3599,3599,60,2,0,3600,3597.9,4,450,250,61.4
0,890.14,-39.474,3.3631e-44,3599,3599,60,2,0,3600,3597.9,4,450,250,61.5
0,890.14,-39.474,3.3631e-44,3599,3599,60,2,0,3600,3597.9,4,450,250,61.6
0,890.14,-39.474,3.3631e-44,3599,3599,60,2,0,3600,3597.9,4,450,250,61.7
0,900.59,-39.497,3.3631e-44,3599,3599,60,2,0,3600,3598.8,4,450,250,61.8
0,900.59,-39.497,3.3631e-44,3599,3599,60,2,0,3600,3598.8,4,450,250,61.9
0,900.59,-39.497,3.3631e-44,3599,3599,60,2,0,3600,3598.8,4,450,250,62
0,900.59,-39.497,3.3631e-44,3599,3599,60,2,0,3600,3598.8,4,450,250,62.1
0,900.59,-39.497,3.3631e-44,3599,3599,60,2,0,3600,3598.8,4,450,250,62.2
0,900.59,-39.497,3.3631e-44,3599,3599,60,2,0,3600,3598.8,4,450,250,62.3
0,908.39,-39.5,3.3631e-44,3599,3599,60,2,0,3600,3599.2,4,450,250,62.4
0,908.39,-39.5,3.3631e-44,3599,3599,60,2,0,3600,3599.2,4,450,250,62.5
0,908.39,-39.5,3.3631e-44,3599,3599,60,2,0,3600,3599.2,4,450,250,62.6
0,908.39,-39.5,3.3631e-44,3599,3599,60,2,0,3600,3599.2,4,450,250,62.7
0,908.39,-39.5,3.3631e-44,3599,3599,60,2,0,3600,3599.2,4,450,250,62.8
0,908.39,-39.5,3.3631e-44,3599,3599,60,2,0,3600,3599.2,4,450,250,62.9
0,915.47,-39.511,3.3631e-44,3599,3599,60,2,0,3600,3599.5,4,450,250,63
0,915.47,-39.511,3.3631e-44,3599,3599,60,2,0,3600,3599.5,4,450,250,63.1
0,915.47,-39.511,3.3631e-44,3599,3599,60,2,0,3600,3599.5,4,450,250,63.2
0,915.47,-39.511,3.3631e-44,3599,3599,60,2,0,3600,3599.5,4,450,250,63.3
0,915.47,-39.511,3.3631e-44,3599,3599,60,2,0,3600,3599.5,4,450,250,63.4
0,915.47,-39.511,3.3631e-44,3599,3599,60,2,0,3600,3599.5,4,450,250,63.5
0,917.51,-39.504,3.3631e-44,3599,3599,60,2,0,3600,3599.6,4,450,250,63.6
0,917.51,-39.504,3.3631e-44,3599,3599,60,2,0,3600,3599.6,4,450,250,63.7
0,917.51,-39.504,3.3631e-44,3599,3599,60,2,0,3600,3599.6,4,450,250,63.8
0,920.51,-39.502,3.3631e-44,3599,3599,60,2,0,3600,3599.7,4,450,250,63.9
0,920.51,-39.502,3.3631e-44,3599,3599,60,2,0,3600,3599.7,4,450,250,64
0,920.51,-39.502,3.3631e-44,3599,3599,60,2,0,3600,3599.7,4,450,250,64.1
0,922.67,-39.501,3.3631e-44,3599,3599,60,2,0,3600,3599.8,4,450,250,64.2
0,922.67,-39.501,3.3631e-44,3599,3599,60,2,0,3600,3599.8,4,450,250,64.3
0,922.67,-39.501,3.3631e-44,3599,3599,60,2,0,3600,3599.8,4,450,250,64.4
0,924.96,-39.5,3.3631e-44,3599,3599,60,2,0,3600,3599.8,4,450,250,64.5
0,924.96,-39.5,3.3631e-44,3599,3599,60,2,0,3600,3599.8,4,450,250,64.6
0,924.96,-39.5,3.3631e-44,3599,3599,60,2,0,3600,3599.8,4,450,250,64.7
0,926.28,-39.533,3.3631e-44,3599,3599,60,2,0,3600,3599.9,4,450,250,64.8
0,926.28,-39.533,3.3631e-44,3599,3599,60,2,0,3600,3599.9,4,450,250,64.9
0,926.28,-39.533,3.3631e-44,3599,3599,60,2,0,3600,3599.9,4,450,250,65
0,928.44,-39.565,3.3631e-44,0,3580,60,2,0,3600,3599.9,4,450,250,65.1
0,928.44,-39.565,3.3631e-44,0,3580,60,2,0,3600,3599.9,4,450,250,65.2
0,928.44,-39.565,3.3631e-44,0,3580,60,2,0,3600,3599.9,4,450,250,65.3
0,931.11,-39.552,3.3631e-44,3599,3491,58.6,2,0,3600,3599.9,4,450,250,65.4
0,931.11,-39.552,3.3631e-44,3599,3491,58.6,2,0,3600,3599.9,4,450,250,65.5
0,931.11,-39.552,3.3631e-44,3599,3491,58.6,2,0,3600,3599.9,4,450,250,65.6
0,931.49,-39.52,3.3631e-44,3599,3400,58.6,2,0,3600,3599.9,4,450,250,65.7
0,931.49,-39.52,3.3631e-44,3599,3400,58.6,2,0,3600,3599.9,4,450,250,65.8
0,931.49,-39.52,3.3631e-44,3599,3400,58.6,2,0,3600,3599.9,4,450,250,65.9
0,928.37,-39.507,3.3631e-44,3599,3309,55.7,2,0,3600,3600,4,450,250,66
0,928.37,-39.507,3.3631e-44,3599,3309,55.7,2,0,3600,3600,4,450,250,66.1
0,928.37,-39.507,3.3631e-44,3599,3309,55.7,2,0,3600,3600,4,450,250,66.2
0,922.85,-39.503,3.3631e-44,3599,3219,54,2,0,3600,3600,4,450,250,66.3
0,922.85,-39.503,3.3631e-44,3599,3219,54,2,0,3600,3600,4,450,250,66.4
0,922.85,-39.503,3.3631e-44,3599,3219,54,2,0,3600,3600,4,450,250,66.5
0,913.96,-39.501,3.3631e-44,3599,3126,52.3,2,0,3600,3600,4,450,250,66.6
0,913.96,-39.501,3.3631e-44,3599,3126,52.3,2,0,3600,3600,4,450,250,66.7
0,913.96,-39.501,3.3631e-44,3599,3126,52.3,2,0,3600,3600,4,450,250,66.8
0,904.51,-39.5,3.3631e-44,3599,3033,50.9,2,0,3600,3600,4,450,250,66.9
0,904.51,-39.5,3.3631e-44,3599,3033,50.9,2,0,3600,3600,4,450,250,67
0,904.51,-39.5,3.3631e-44,3599,3033,50.9,2,0,3600,3600,4,450,250,67.1
0,893.44,-39.558,3.3631e-44,3599,2942,49.4,2,0,3600,3600,4,450,250,67.2
0,893.44,-39.558,3.3631e-44,3599,2942,49.4,2,0,3600,3600,4,450,250,67.3
0,893.44,-39.558,3.3631e-44,3599,2942,49.4,2,0,3600,3600,4,450,250,67.4
0,880.54,-39.612,3.3631e-44,3599,2849,49.4,2,0,3600,3600,4,450,250,67.5
0,880.54,-39.612,3.3631e-44,3599,2849,49.4,2,0,3600,3600,4,450,250,67.6
0,880.54,-39.612,3.3631e-44,3599,2849,49.4,2,0,3600,3600,4,450,250,67.7
0,867.29,-39.542,3.3631e-44,3599,2758,46.7,2,0,3600,3600,4,450,250,67.8
0,867.29,-39.542,3.3631e-44,3599,2758,46.7,2,0,3600,3600,4,450,250,67.9
0,867.29,-39.542,3.3631e-44,3599,2758,46.7,2,0,3600,3600,4,450,250,68
0,846.12,-39.65,3.3631e-44,3599,2683,45.2,2,0,3600,3600,4,450,250,68.1
0,846.12,-39.65,3.3631e-44,3599,2683,45.2,2,0,3600,3600,4,450,250,68.2
0,846.12,-39.65,3.3631e-44,3599,2683,45.2,2,0,3600,3600,4,450,250,68.3
0,822.51,-39.633,3.3631e-44,3599,2592,43.8,2,0,3600,3600,4,450,250,68.4
0,822.51,-39.633,3.3631e-44,3599,2592,43.8,2,0,3600,3600,4,450,250,68.5
0,822.51,-39.633,3.3631e-44,3599,2592,43.8,2,0,3600,3600,4,450,250,68.6
0,798.8,-39.679,3.3631e-44,3599,2500,43.8,2,0,3600,3600,4,450,250,68.7
0,798.8,-39.679,3.3631e-44,3599,2500,43.8,2,0,3600,3600,4,450,250,68.8
0,798.8,-39.679,3.3631e-44,3599,2500,43.8,2,0,3600,3600,4,450,250,68.9
0,776.13,-39.69,3.3631e-44,3599,2409,40.7,2,0,3600,3600,4,450,250,69
0,776.13,-39.69,3.3631e-44,3599,2409,40.7,2,0,3600,3600,4,450,250,69.1
0,776.13,-39.69,3.3631e-44,3599,2409,40.7,2,0,3600,3600,4,450,250,69.2
0,748.84,-39.719,3.3631e-44,3599,2318,39.4,2,0,3600,3600,4,450,250,69.3
0,748.84,-39.719,3.3631e-44,3599,2318,39.4,2,0,3600,3600,4,450,250,69.4
0,748.84,-39.719,3.3631e-44,3599,2318,39.4,2,0,3600,3600,4,450,250,69.5
0,717.32,-39.58,3.3631e-44,3599,2226,37.4,2,0,3600,3600,4,450,250,69.6
0,717.32,-39.58,3.3631e-44,3599,2226,37.4,2,0,3600,3600,4,450,250,69.7
0,717.32,-39.58,3.3631e-44,3599,2226,37.4,2,0,3600,3600,4,450,250,69.8
0,687.36,-39.672,3.3631e-44,3599,2135,35.7,2,0,3600,3600,4,450,250,69.9
0,687.36,-39.672,3.3631e-44,3599,2135,35.7,2,0,3600,3600,4,450,250,70
0,687.36,-39.672,3.3631e-44,3599,2135,35.7,2,0,3600,3600,4,450,250,70.1
0,654.74,-40.092,3.3631e-44,3599,2043,34,2,0,3600,3600,4,450,250,70.2
0,654.74,-40.092,3.3631e-44,3599,2043,34,2,0,3600,3600,4,450,250,70.3
0,654.74,-40.092,3.3631e-44,3599,2043,34,2,0,3600,3600,4,450,250,70.4
0,621.12,-40.273,3.3631e-44,3599,1953,34,2,0,3600,3600,4,450,250,70.5
0,621.12,-40.273,3.3631e-44,3599,1953,34,2,0,3600,3600,4,450,250,70.6
0,621.12,-40.273,3.3631e-44,3599,1953,34,2,0,3600,3600,4,450,250,70.7
0,589.86,-40.088,3.3631e-44,3599,1860,31.8,2,0,3600,3600,4,450,250,70.8
0,589.86,-40.088,3.3631e-44,3599,1860,31.8,2,0,3600,3600,4,450,250,70.9
0,589.86,-40.088,3.3631e-44,3599,1860,31.8,2,0,3600,3600,4,450,250,71
0,561.84,-39.986,3.3631e-44,3599,1768,30.7,2,0,3600,3600,4,450,250,71.1
0,561.84,-39.986,3.3631e-44,3599,1768,30.7,2,0,3600,3600,4,450,250,71.2
0,561.84,-39.986,3.3631e-44,3599,1768,30.7,2,0,3600,3600,4,450,250,71.3
0,532.71,-39.621,3.3631e-44,3599,1678,28,2,0,3600,3600,4,450,250,71.4
0,532.71,-39.621,3.3631e-44,3599,1678,28,2,0,3600,3600,4,450,250,71.5
0,532.71,-39.621,3.3631e-44,3599,1678,28,2,0,3600,3600,4,450,250,71.6
0,506.25,-39.735,3.3631e-44,3599,1588,28,2,0,3600,3600,4,450,250,71.7
0,506.25,-39.735,3.3631e-44,3599,1588,28,2,0,3600,3600,4,450,250,71.8
0,506.25,-39.735,3.3631e-44,3599,1588,28,2,0,3600,3600,4,450,250,71.9
0,479.32,-39.876,3.3631e-44,3599,1496,25.2,2,0,3600,3600,4,450,250,72
0,479.32,-39.876,3.3631e-44,3599,1496,25.2,2,0,3600,3600,4,450,250,72.1
0,479.32,-39.876,3.3631e-44,3599,1496,25.2,2,0,3600,3600,4,450,250,72.2
0,450.39,-39.869,3.3631e-44,3599,1406,25.2,2,0,3600,3600,4,450,250,72.3
0,450.39,-39.869,3.3631e-44,3599,1406,25.2,2,0,3600,3600,4,450,250,72.4
0,450.39,-39.869,3.3631e-44,3599,1406,25.2,2,0,3600,3600,4,450,250,72.5
0,422.86,-39.486,3.3631e-44,3599,1312,22.5,2,0,3600,3600,4,450,250,72.6
0,422.86,-39.486,3.3631e-44,3599,1312,22.5,2,0,3600,3600,4,450,250,72.7
0,422.86,-39.486,3.3631e-44,3599,1312,22.5,2,0,3600,3600,4,450,250,72.8
0,396.04,-39.457,3.3631e-44,3599,1221,22.5,2,0,3600,3600,4,450,250,72.9
0,396.04,-39.457,3.3631e-44,3599,1221,22.5,2,0,3600,3600,4,450,250,73
0,396.04,-39.457,3.3631e-44,3599,1221,22.5,2,0,3600,3600,4,450,250,73.1
0,372.03,-38.97,3.3631e-44,3599,1145,20.3,2,0,3600,3600,4,450,250,73.2
0,372.03,-38.97,3.3631e-44,3599,1145,20.3,2,0,3600,3600,4,450,250,73.3
0,372.03,-38.97,3.3631e-44,3599,1145,20.3,2,0,3600,3600,4,450,250,73.4
0,347.57,-39.187,3.3631e-44,3599,1051,18.7,2,0,3600,3600,4,450,250,73.5
0,347.57,-39.187,3.3631e-44,3599,1051,18.7,2,0,3600,3600,4,450,250,73.6
0,347.57,-39.187,3.3631e-44,3599,1051,18.7,2,0,3600,3600,4,450,250,73.7
0,324.08,-39.166,3.3631e-44,3599,960,16.5,2,0,3600,3600,4,450,250,73.8
0,324.08,-39.166,3.3631e-44,3599,960,16.5,2,0,3600,3600,4,450,250,73.9
0,324.08,-39.166,3.3631e-44,3599,960,16.5,2,0,3600,3600,4,450,250,74
0,298.44,-39.328,3.3631e-44,3599,854,14.3,2,0,3600,3600,4,450,250,74.1
0,298.44,-39.328,3.3631e-44,3599,854,14.3,2,0,3600,3600,4,450,250,74.2
0,298.44,-39.328,3.3631e-44,3599,854,14.3,2,0,3600,3600,4,450,250,74.3
0,277.97,-39.359,3.3631e-44,3599,777,14.3,2,0,3600,3600,4,450,250,74.4
0,277.97,-39.359,3.3631e-44,3599,777,14.3,2,0,3600,3600,4,450,250,74.5
0,277.97,-39.359,3.3631e-44,3599,777,14.3,2,0,3600,3600,4,450,250,74.6
0,257.69,-39.415,3.3631e-44,3599,686,11.4,2,0,3600,3600,4,450,250,74.7
0,257.69,-39.415,3.3631e-44,3599,686,11.4,2,0,3600,3600,4,450,250,74.8
0,257.69,-39.415,3.3631e-44,3599,686,11.4,2,0,3600,3600,4,450,250,74.9
0,237.97,-39.403,3.3631e-44,0,0,11.4,2,-1,0,0,4,450,250,75
0,237.97,-39.403,3.3631e-44,0,0,11.4,2,-1,0,0,4,450,250,75.1
0,237.97,-39.403,3.3631e-44,0,0,11.4,2,-1,0,0,4,450,250,75.2
0,205.68,-39.48,3.3631e-44,0,0,0,2,-1,0,0,4,450,250,75.3
0,205.68,-39.48,3.3631e-44,0,0,0,2,-1,0,0,4,450,250,75.4
0,205.68,-39.48,3.3631e-44,0,0,0,2,-1,0,0,4,450,250,75.5
0,197.86,-39.487,3.3631e-44,0,0,0,2,-1,0,0,4,450,250,75.6
0,197.86,-39.487,3.3631e-44,0,0,0,2,-1,0,0,4,450,250,75.7
0,197.86,-39.487,3.3631e-44,0,0,0,2,-1,0,0,4,450,250,75.8
0,179.14,-39.495,3.3631e-44,0,0,0,2,-1,0,0,4,450,250,75.9
0,179.14,-39.495,3.3631e-44,0,0,0,2,-1,0,0,4,450,250,76
0,179.14,-39.495,3.3631e-44,0,0,0,2,-1,0,0,4,450,250,76.1
0,162.26,-39.498,3.3631e-44,0,0,0,2,-1,0,0,4,450,250,76.2
0,162.26,-39.498,3.3631e-44,0,0,0,2,-1,0,0,4,450,250,76.3
0,162.26,-39.498,3.3631e-44,0,0,0,2,-1,0,0,4,450,250,76.4
0,144.61,-39.499,3.3631e-44,0,0,0,2,-1,0,0,4,450,250,76.5
0,144.61,-39.499,3.3631e-44,0,0,0,2,-1,0,0,4,450,250,76.6
0,144.61,-39.499,3.3631e-44,0,0,0,2,-1,0,0,4,450,250,76.7
0,129.03,-39.5,3.3631e-44,0,0,0,2,-1,0,0,4,450,250,76.8
0,129.03,-39.5,3.3631e-44,0,0,0,2,-1,0,0,4,450,250,76.9
0,129.03,-39.5,3.3631e-44,0,0,0,2,-1,0,0,4,450,250,77
0,114.94,-39.5,3.3631e-44,0,0,0,2,-1,0,0,4,450,250,77.1
0,114.94,-39.5,3.3631e-44,0,0,0,2,-1,0,0,4,450,250,77.2
0,114.94,-39.5,3.3631e-44,0,0,0,2,-1,0,0,4,450,250,77.3
0,102.05,-39.5,3.3631e-44,0,0,0,2,-1,0,0,4,450,250,77.4
0,102.05,-39.5,3.3631e-44,0,0,0,2,-1,0,0,4,450,250,77.5
0,102.05,-39.5,3.3631e-44,0,0,0,2,-1,0,0,4,450,250,77.6
0,90.448,-39.5,3.3631e-44,0,0,0,2,-1,0,0,4,450,250,77.7
0,90.448,-39.5,3.3631e-44,0,0,0,2,-1,0,0,4,450,250,77.8
0,90.448,-39.5,3.3631e-44,0,0,0,2,-1,0,0,4,450,250,77.9
0,80.434,-39.5,3.3631e-44,0,0,0,2,-1,0,0,4,450,250,78
0,80.434,-39.5,3.3631e-44,0,0,0,2,-1,0,0,4,450,250,78.1
0,80.434,-39.5,3.3631e-44,0,0,0,2,-1,0,0,4,450,250,78.2
0,70.861,-39.5,3.3631e-44,0,0,0,2,-1,0,0,4,450,250,78.3
0,70.861,-39.5,3.3631e-44,0,0,0,2,-1,0,0,4,450,250,78.4
0,70.861,-39.5,3.3631e-44,0,0,0,2,-1,0,0,4,450,250,78.5
0,62.87,-39.5,3.3631e-44,0,0,0,2,-1,0,0,4,450,250,78.6
0,62.87,-39.5,3.3631e-44,0,0,0,2,-1,0,0,4,450,250,78.7
0,62.87,-39.5,3.3631e-44,0,0,0,2,-1,0,0,4,450,250,78.8
0,55.623,-39.5,3.3631e-44,0,0,0,2,-1,0,0,4,450,250,78.9
0,55.623,-39.5,3.3631e-44,0,0,0,2,-1,0,0,4,450,250,79
0,55.623,-39.5,3.3631e-44,0,0,0,2,-1,0,0,4,450,250,79.1
0,49.265,-39.5,3.3631e-44,0,0,0,2,-1,0,0,4,450,250,79.2
0,49.265,-39.5,3.3631e-44,0,0,0,2,-1,0,0,4,450,250,79.3
0,49.265,-39.5,3.3631e-44,0,0,0,2,-1,0,0,4,450,250,79.4
0,43.598,-39.5,3.3631e-44,0,0,0,2,-1,0,0,4,450,250,79.5
0,43.598,-39.5,3.3631e-44,0,0,0,2,-1,0,0,4,450,250,79.6
0,43.598,-39.5,3.3631e-44,0,0,0,2,-1,0,0,4,450,250,79.7
0,38.76,-39.5,3.3631e-44,0,0,0,2,-1,0,0,4,450,250,79.8
0,38.76,-39.5,3.3631e-44,0,0,0,2,-1,0,0,4,450,250,79.9
0,38.76,-39.5,3.3631e-44,0,0,0,2,-1,0,0,4,450,250,80
0,34.498,-39.5,3.3631e-44,0,0,0,2,-1,0,0,4,450,250,80.1
0,34.498,-39.5,3.3631e-44,0,0,0,2,-1,0,0,4,450,250,80.2
0,34.498,-39.5,3.3631e-44,0,0,0,2,-1,0,0,4,450,250,80.3
0,30.738,-39.5,3.3631e-44,0,0,0,2,-1,0,0,4,450,250,80.4
0,30.738,-39.5,3.3631e-44,0,0,0,2,-1,0,0,4,450,250,80.5
0,30.738,-39.5,3.3631e-44,0,0,0,2,-1,0,0,4,450,250,80.6
0,27.561,-39.5,3.3631e-44,0,0,0,2,-1,0,0,4,450,250,80.7
0,27.561,-39.5,3.3631e-44,0,0,0,2,-1,0,0,4,450,250,80.8
0,27.561,-39.5,3.3631e-44,0,0,0,2,-1,0,0,4,450,250,80.9
0,24.708,-39.5,3.3631e-44,0,0,0,2,-1,0,0,4,450,250,81
0,24.708,-39.5,3.3631e-44,0,0,0,2,-1,0,0,4,450,250,81.1
0,24.708,-39.5,3.3631e-44,0,0,0,2,-1,0,0,4,450,250,81.2
0,22.262,-39.5,3.3631e-44,0,0,0,2,-1,0,0,4,450,250,81.3
0,22.262,-39.5,3.3631e-44,0,0,0,2,-1,0,0,4,450,250,81.4
0,22.262,-39.5,3.3631e-44,0,0,0,2,-1,0,0,4,450,250,81.5
0,19.984,-39.5,3.3631e-44,0,0,0,2,-1,0,0,4,450,250,81.6
0,19.984,-39.5,3.3631e-44,0,0,0,2,-1,0,0,4,450,250,81.7
0,19.984,-39.5,3.3631e-44,0,0,0,2,-1,0,0,4,450,250,81.8
0,19.984,-39.5,3.3631e-44,0,0,0,2,-1,0,0,4,450,250,81.9
0,18.109,-39.5,3.3631e-44,0,0,0,2,-1,0,0,4,450,250,82
0,18.109,-39.5,3.3631e-44,0,0,0,2,-1,0,0,4,450,250,82.1
0,18.109,-39.5,3.3631e-44,0,0,0,2,-1,0,0,4,450,250,82.2
0,16.353,-39.5,3.3631e-44,0,0,0,2,-1,0,0,4,450,250,82.3
0,16.353,-39.5,3.3631e-44,0,0,0,2,-1,0,0,4,450,250,82.4
0,14.85,-39.5,3.3631e-44,0,0,0,2,-1,0,0,4,450,250,82.5
0,14.85,-39.5,3.3631e-44,0,0,0,2,-1,0,0,4,450,250,82.6
0,14.85,-39.5,3.3631e-44,0,0,0,2,-1,0,0,4,450,250,82.7
0,13.558,-39.5,3.3631e-44,0,0,0,2,-1,0,0,4,450,250,82.8
0,13.558,-39.5,3.3631e-44,0,0,0,2,-1,0,0,4,450,250,82.9
0,13.558,-39.5,3.3631e-44,0,0,0,2,-1,0,0,4,450,250,83
0,12.367,-39.5,3.3631e-44,0,0,0,2,-1,0,0,4,450,250,83.1
0,12.367,-39.5,3.3631e-44,0,0,0,2,-1,0,0,4,450,250,83.2
0,12.367,-39.5,3.3631e-44,0,0,0,2,-1,0,0,4,450,250,83.3
0,12.367,-39.5,3.3631e-44,0,0,0,2,-1,0,0,4,450,250,83.4
0,11.352,-39.5,3.3631e-44,0,0,0,2,-1,0,0,4,450,250,83.5
0,11.352,-39.5,3.3631e-44,0,0,0,2,-1,0,0,4,450,250,83.6
0,11.352,-39.5,3.3631e-44,0,0,0,2,-1,0,0,4,450,250,83.7
0,10.492,-39.5,3.3631e-44,0,0,0,2,-1,0,0,4,450,250,83.8
0,10.492,-39.5,3.3631e-44,0,0,0,2,-1,0,0,4,450,250,83.9
0,10.492,-39.5,3.3631e-44,0,0,0,2,-1,0,0,4,450,250,84
0,9.7041,-39.5,3.3631e-44,0,0,0,2,-1,0,0,4,450,250,84.1
0,9.7041,-39.5,3.3631e-44,0,0,0,2,-1,0,0,4,450,250,84.2
0,9.7041,-39.5,3.3631e-44,0,0,0,2,-1,0,0,4,450,250,84.3
0,9.0066,-39.5,3.3631e-44,0,0,0,2,-1,0,0,4,450,250,84.4
0,9.0066,-39.5,3.3631e-44,0,0,0,2,-1,0,0,4,450,250,84.5
0,8.4421,-39.5,3.3631e-44,0,0,0,2,-1,0,0,4,450,250,84.6
0,8.4421,-39.5,3.3631e-44,0,0,0,2,-1,0,0,4,450,250,84.7
0,8.4421,-39.5,3.3631e-44,0,0,0,2,-1,0,0,4,450,250,84.8
0,8.4421,-39.5,3.3631e-44,0,0,0,2,-1,0,0,4,450,250,84.9
0,7.9339,-39.5,3.3631e-44,0,0,0,2,-1,0,0,4,450,250,85
0,7.9339,-39.5,3.3631e-44,0,0,0,2,-1,0,0,4,450,250,85.1
0,7.5137,-39.5,3.3631e-44,0,0,0,2,-1,0,0,4,450,250,85.2
0,7.5137,-39.5,3.3631e-44,0,0,0,2,-1,0,0,4,450,250,85.3
0,7.5137,-39.5,3.3631e-44,0,0,0,2,-1,0,0,4,450,250,85.4
0,7.1452,-39.5,3.3631e-44,0,0,0,2,-1,0,0,4,450,250,85.5
0,7.1452,-39.5,3.3631e-44,0,0,0,2,-1,0,0,4,450,250,85.6
0,7.1452,-39.5,3.3631e-44,0,0,0,2,-1,0,0,4,450,250,85.7
0,6.8491,-39.5,3.3631e-44,0,0,0,2,-1,0,0,4,450,250,85.8
0,6.8491,-39.5,3.3631e-44,0,0,0,2,-1,0,0,4,450,250,85.9
0,6.8491,-39.5,3.3631e-44,0,0,0,2,-1,0,0,4,450,250,86
0,6.6331,-39.5,3.3631e-44,0,0,0,2,-1,0,0,4,450,250,86.1
0,6.6331,-39.5,3.3631e-44,0,0,0,2,-1,0,0,4,450,250,86.2
0,6.6331,-39.5,3.3631e-44,0,0,0,2,-1,0,0,4,450,250,86.3
0,6.6331,-39.5,3.3631e-44,0,0,0,2,-1,0,0,4,450,250,86.4
0,6.5117,-39.5,3.3631e-44,0,0,0,2,-1,0,0,4,450,250,86.5
0,6.5117,-39.5,3.3631e-44,0,0,0,2,-1,0,0,4,450,250,86.6
0,6.4528,-39.5,3.3631e-44,0,0,0,2,-1,0,0,4,450,250,86.7
0,6.4528,-39.5,3.3631e-44,0,0,0,2,-1,0,0,4,450,250,86.8
0,6.4528,-39.5,3.3631e-44,0,0,0,2,-1,0,0,4,450,250,86.9
0,6.4016,-39.5,3.3631e-44,0,0,0,2,-1,0,0,4,450,250,87
0,6.4016,-39.5,3.3631e-44,0,0,0,2,-1,0,0,4,450,250,87.1
0,6.4016,-39.5,3.3631e-44,0,0,0,2,-1,0,0,4,450,250,87.2
0,6.3191,-39.5,3.3631e-44,0,0,0,2,-1,0,0,4,450,250,87.3
0,6.3191,-39.5,3.3631e-44,0,0,0,2,-1,0,0,4,450,250,87.4
0,6.3191,-39.5,3.3631e-44,0,0,0,2,-1,0,0,4,450,250,87.5
0,6.1858,-39.5,3.3631e-44,0,0,0,2,-1,0,0,4,450,250,87.6
0,6.1858,-39.5,3.3631e-44,0,0,0,2,-1,0,0,4,450,250,87.7
0,6.1858,-39.5,3.3631e-44,0,0,0,2,-1,0,0,4,450,250,87.8
0,6.0079,-39.5,3.3631e-44,0,0,0,2,-1,0,0,4,450,250,87.9
0,6.0079,-39.5,3.3631e-44,0,0,0,2,-1,0,0,4,450,250,88
0,6.0079,-39.5,3.3631e-44,0,0,0,2,-1,0,0,4,450,250,88.1
0,5.8399,-39.5,3.3631e-44,0,0,0,2,-1,0,0,4,450,250,88.2
0,5.8399,-39.5,3.3631e-44,0,0,0,2,-1,0,0,4,450,250,88.3
0,5.8399,-39.5,3.3631e-44,0,0,0,2,-1,0,0,4,450,250,88.4
0,5.8399,-39.5,3.3631e-44,0,0,0,2,-1,0,0,4,450,250,88.5
0,5.675,-39.5,3.3631e-44,0,0,0,2,-1,0,0,4,450,250,88.6
0,5.675,-39.5,3.3631e-44,0,0,0,2,-1,0,0,4,450,250,88.7
0,5.675,-39.5,3.3631e-44,0,0,0,2,-1,0,0,4,450,250,88.8
0,5.5252,-39.5,3.3631e-44,0,0,0,2,-1,0,0,4,450,250,88.9
0,5.5252,-39.5,3.3631e-44,0,0,0,2,-1,0,0,4,450,250,89
0,5.5252,-39.5,3.3631e-44,0,0,0,2,-1,0,0,4,450,250,89.1
0,5.4103,-39.5,3.3631e-44,0,0,0,2,-1,0,0,4,450,250,89.2
0,5.4103,-39.5,3.3631e-44,0,0,0,2,-1,0,0,4,450,250,89.3
0,5.4103,-39.5,3.3631e-44,0,0,0,2,-1,0,0,4,450,250,89.4
0,5.3723,-39.5,3.3631e-44,0,0,0,2,-1,0,0,4,450,250,89.5
0,5.3723,-39.5,3.3631e-44,0,0,0,2,-1,0,0,4,450,250,89.6
0,5.3723,-39.5,3.3631e-44,0,0,0,2,-1,0,0,4,450,250,89.7
0,5.4639,-39.5,3.3631e-44,0,0,0,2,-1,0,0,4,450,250,89.8
0,5.4639,-39.5,3.3631e-44,0,0,0,2,-1,0,0,4,450,250,89.9
0,5.4639,-39.5,3.3631e-44,0,0,0,2,-1,0,0,4,450,250,90
0,5.5563,-39.5,3.3631e-44,0,0,0,2,-1,0,0,4,450,250,90.1
0,5.5563,-39.5,3.3631e-44,0,0,0,2,-1,0,0,4,450,250,90.2
0,5.5563,-39.5,3.3631e-44,0,0,0,2,-1,0,0,4,450,250,90.3
0,5.5871,-39.5,3.3631e-44,0,0,0,2,-1,0,0,4,450,250,90.4
0,5.5871,-39.5,3.3631e-44,0,0,0,2,-1,0,0,4,450,250,90.5
0,5.5871,-39.5,3.3631e-44,0,0,0,2,-1,0,0,4,450,250,90.6
0,5.5426,-39.5,3.3631e-44,0,0,0,2,-1,0,0,4,450,250,90.7
0,5.5426,-39.5,3.3631e-44,0,0,0,2,-1,0,0,4,450,250,90.8
0,5.5426,-39.5,3.3631e-44,0,0,0,2,-1,0,0,4,450,250,90.9
0,5.4405,-39.5,3.3631e-44,0,0,0,2,-1,0,0,4,450,250,91
0,5.4405,-39.5,3.3631e-44,0,0,0,2,-1,0,0,4,450,250,91.1
0,5.4405,-39.5,3.3631e-44,0,0,0,2,-1,0,0,4,450,250,91.2
0,5.354,-39.5,3.3631e-44,0,0,0,2,-1,0,0,4,450,250,91.3
0,5.354,-39.5,3.3631e-44,0,0,0,2,-1,0,0,4,450,250,91.4
0,5.354,-39.5,3.3631e-44,0,0,0,2,-1,0,0,4,450,250,91.5
0,5.2738,-39.5,3.3631e-44,0,0,0,2,-1,0,0,4,450,250,91.6
0,5.2738,-39.5,3.3631e-44,0,0,0,2,-1,0,0,4,450,250,91.7
0,5.2738,-39.5,3.3631e-44,0,0,0,2,-1,0,0,4,450,250,91.8
0,5.2118,-39.428,3.3631e-44,0,0,0,2,-1,0,0,4,450,250,91.9
0,5.2118,-39.428,3.3631e-44,0,0,0,2,-1,0,0,4,450,250,92
0,5.2118,-39.428,3.3631e-44,0,0,0,2,-1,0,0,4,450,250,92.1
0,5.1667,-39.326,3.3631e-44,0,0,0,2,-1,0,0,4,450,250,92.2
0,5.1667,-39.326,3.3631e-44,0,0,0,2,-1,0,0,4,450,250,92.3
0,5.1667,-39.326,3.3631e-44,0,0,0,2,-1,0,0,4,450,250,92.4
0,5.2045,-39.293,3.3631e-44,0,0,0,2,-1,0,0,4,450,250,92.5
0,5.2045,-39.293,3.3631e-44,0,0,0,2,-1,0,0,4,450,250,92.6
0,5.2045,-39.293,3.3631e-44,0,0,0,2,-1,0,0,4,450,250,92.7
0,5.3114,-39.282,3.3631e-44,0,0,0,2,-1,0,0,4,450,250,92.8
0,5.3114,-39.282,3.3631e-44,0,0,0,2,-1,0,0,4,450,250,92.9
0,5.3114,-39.282,3.3631e-44,0,0,0,2,-1,0,0,4,450,250,93
0,5.407,-39.39,3.3631e-44,0,0,0,2,-1,0,0,4,450,250,93.1
0,5.407,-39.39,3.3631e-44,0,0,0,2,-1,0,0,4,450,250,93.2
0,5.407,-39.39,3.3631e-44,0,0,0,2,-1,0,0,4,450,250,93.3
0,5.4628,-39.458,3.3631e-44,0,0,0,2,-1,0,0,4,450,250,93.4
0,5.4628,-39.458,3.3631e-44,0,0,0,2,-1,0,0,4,450,250,93.5
0,5.4628,-39.458,3.3631e-44,0,0,0,2,-1,0,0,4,450,250,93.6
0,5.4301,-39.484,3.3631e-44,0,0,0,2,-1,0,0,4,450,250,93.7
0,5.4301,-39.484,3.3631e-44,0,0,0,2,-1,0,0,4,450,250,93.8
0,5.4301,-39.484,3.3631e-44,0,0,0,2,-1,0,0,4,450,250,93.9
0,5.3755,-39.494,3.3631e-44,0,0,0,2,-1,0,0,4,450,250,94
0,5.3755,-39.494,3.3631e-44,0,0,0,2,-1,0,0,4,450,250,94.1
0,5.3755,-39.494,3.3631e-44,0,0,0,2,-1,0,0,4,450,250,94.2
0,5.297,-39.498,3.3631e-44,0,0,0,2,-1,0,0,4,450,250,94.3
0,5.297,-39.498,3.3631e-44,0,0,0,2,-1,0,0,4,450,250,94.4
0,5.297,-39.498,3.3631e-44,0,0,0,2,-1,0,0,4,450,250,94.5
0,5.2303,-39.499,3.3631e-44,0,0,0,2,-1,0,0,4,450,250,94.6
0,5.2303,-39.499,3.3631e-44,0,0,0,2,-1,0,0,4,450,250,94.7
0,5.2303,-39.499,3.3631e-44,0,0,0,2,-1,0,0,4,450,250,94.8
0,5.165,-39.5,3.3631e-44,0,0,0,2,-1,0,0,4,450,250,94.9
0,5.165,-39.5,3.3631e-44,0,0,0,2,-1,0,0,4,450,250,95
0,5.165,-39.5,3.3631e-44,0,0,0,2,-1,0,0,4,450,250,95.1
0,5.129,-39.379,3.3631e-44,0,0,0,2,-1,0,0,4,450,250,95.2
0,5.129,-39.379,3.3631e-44,0,0,0,2,-1,0,0,4,450,250,95.3
0,5.129,-39.379,3.3631e-44,0,0,0,2,-1,0,0,4,450,250,95.4
0,5.0994,-39.298,3.3631e-44,0,0,0,2,-1,0,0,4,450,250,95.5
0,5.0994,-39.298,3.3631e-44,0,0,0,2,-1,0,0,4,450,250,95.6
0,5.0994,-39.298,3.3631e-44,0,0,0,2,-1,0,0,4,450,250,95.7
0,5.1032,-39.261,3.3631e-44,0,0,0,2,-1,0,0,4,450,250,95.8
0,5.1032,-39.261,3.3631e-44,0,0,0,2,-1,0,0,4,450,250,95.9
0,5.1032,-39.261,3.3631e-44,0,0,0,2,-1,0,0,4,450,250,96
0,5.2279,-39.387,3.3631e-44,0,0,0,2,-1,0,0,4,450,250,96.1
0,5.2279,-39.387,3.3631e-44,0,0,0,2,-1,0,0,4,450,250,96.2
0,5.2279,-39.387,3.3631e-44,0,0,0,2,-1,0,0,4,450,250,96.3
0,5.3453,-39.458,3.3631e-44,0,0,0,2,-1,0,0,4,450,250,96.4
0,5.3453,-39.458,3.3631e-44,0,0,0,2,-1,0,0,4,450,250,96.5
0,5.3453,-39.458,3.3631e-44,0,0,0,2,-1,0,0,4,450,250,96.6
0,5.4548,-39.484,3.3631e-44,0,0,0,2,-1,0,0,4,450,250,96.7
0,5.4548,-39.484,3.3631e-44,0,0,0,2,-1,0,0,4,450,250,96.8
0,5.4548,-39.484,3.3631e-44,0,0,0,2,-1,0,0,4,450,250,96.9
0,5.4548,-39.484,3.3631e-44,0,0,0,2,-1,0,0,4,450,250,97
0,5.4548,-39.484,3.3631e-44,0,0,0,2,-1,0,0,4,450,250,97.1
0,5.4548,-39.484,3.3631e-44,0,0,0,2,-1,0,0,4,450,250,97.2
0,5.4548,-39.484,3.3631e-44,0,0,0,2,-1,0,0,4,450,250,97.3
0,5.4548,-39.484,3.3631e-44,0,0,0,2,-1,0,0,4,450,250,97.4
0,5.4548,-39.484,3.3631e-44,0,0,0,2,-1,0,0,4,450,250,97.5
0,5.4548,-39.484,3.3631e-44,0,0,0,2,-1,0,0,4,450,250,97.6
0,5.4548,-39.484,3.3631e-44,0,0,0,2,-1,0,0,4,450,250,97.7
0,5.4548,-39.484,3.3631e-44,0,0,0,2,-1,0,0,4,450,250,97.8
0,5.4548,-39.484,3.3631e-44,0,0,0,2,-1,0,0,4,450,250,97.9
0,5.4548,-39.484,3.3631e-44,0,0,0,2,-1,0,0,4,450,250,98
0,5.4548,-39.484,3.3631e-44,0,0,0,2,-1,0,0,4,450,250,98.1
0,5.1699,-39.5,3.3631e-44,0,0,0,2,-1,0,0,4,450,250,98.2
0,5.1699,-39.5,3.3631e-44,0,0,0,2,-1,0,0,4,450,250,98.3
0,5.1699,-39.5,3.3631e-44,0,0,0,2,-1,0,0,4,450,250,98.4
0,5.1264,-39.5,3.223e-44,0,0,0,2,-1,0,0,4,450,250,98.5
0,5.1264,-39.5,3.223e-44,0,0,0,2,-1,0,0,4,450,250,98.6
0,5.1264,-39.5,3.223e-44,0,0,0,2,-1,0,0,4,450,250,98.7
0,5.071,-39.5,3.223e-44,0,0,0,2,-1,0,0,4,450,250,98.8
0,5.071,-39.5,3.223e-44,0,0,0,2,-1,0,0,4,450,250,98.9
0,5.071,-39.5,3.223e-44,0,0,0,2,-1,0,0,4,450,250,99
0,5.0535,-39.404,3.223e-44,0,0,0,2,-1,0,0,4,450,250,99.1
0,5.0535,-39.404,3.223e-44,0,0,0,2,-1,0,0,4,450,250,99.2
0,5.0535,-39.404,3.223e-44,0,0,0,2,-1,0,0,4,450,250,99.3
0,5.0419,-39.359,3.223e-44,0,0,0,2,-1,0,0,4,450,250,99.4
0,5.0419,-39.359,3.223e-44,0,0,0,2,-1,0,0,4,450,250,99.5
0,5.0419,-39.359,3.223e-44,0,0,0,2,-1,0,0,4,450,250,99.6
0,5.0679,-39.319,3.223e-44,0,0,0,2,-1,0,0,4,450,250,99.7
0,5.0679,-39.319,3.223e-44,0,0,0,2,-1,0,0,4,450,250,99.8
0,5.0679,-39.319,3.223e-44,0,0,0,2,-1,0,0,4,450,250,99.9
0,5.2125,-39.332,3.223e-44,0,0,0,2,-1,0,0,4,450,250,100
0,5.2125,-39.332,3.223e-44,0,0,0,2,-1,0,0,4,450,250,100.1
0,5.2125,-39.332,3.223e-44,0,0,0,2,-1,0,0,4,450,250,100.2
0,5.3424,-39.436,3.223e-44,0,0,0,2,-1,0,0,4,450,250,100.3
0,5.3424,-39.436,3.223e-44,0,0,0,2,-1,0,0,4,450,250,100.4
0,5.3424,-39.436,3.223e-44,0,0,0,2,-1,0,0,4,450,250,100.5
0,5.439,-39.458,3.223e-44,0,0,0,2,-1,0,0,4,450,250,100.6
0,5.439,-39.458,3.223e-44,0,0,0,2,-1,0,0,4,450,250,100.7
0,5.439,-39.458,3.223e-44,0,0,0,2,-1,0,0,4,450,250,100.8
0,5.478,-39.484,3.223e-44,0,0,0,2,-1,0,0,4,450,250,100.9
0,5.478,-39.484,3.223e-44,0,0,0,2,-1,0,0,4,450,250,101
0,5.478,-39.484,3.223e-44,0,0,0,2,-1,0,0,4,450,250,101.1
0,5.4348,-39.494,3.223e-44,0,0,0,2,-1,0,0,4,450,250,101.2
0,5.4348,-39.494,3.223e-44,0,0,0,2,-1,0,0,4,450,250,101.3
0,5.4348,-39.494,3.223e-44,0,0,0,2,-1,0,0,4,450,250,101.4
0,5.4016,-39.498,3.223e-44,0,0,0,2,-1,0,0,4,450,250,101.5
0,5.4016,-39.498,3.223e-44,0,0,0,2,-1,0,0,4,450,250,101.6
0,5.4016,-39.498,3.223e-44,0,0,0,2,-1,0,0,4,450,250,101.7
0,5.3218,-39.499,3.223e-44,0,0,0,2,-1,0,0,4,450,250,101.8
0,5.3218,-39.499,3.223e-44,0,0,0,2,-1,0,0,4,450,250,101.9
0,5.3218,-39.499,3.223e-44,0,0,0,2,-1,0,0,4,450,250,102
0,5.2503,-39.5,3.223e-44,0,0,0,2,-1,0,0,4,450,250,102.1
0,5.2503,-39.5,3.223e-44,0,0,0,2,-1,0,0,4,450,250,102.2
0,5.2503,-39.5,3.223e-44,0,0,0,2,-1,0,0,4,450,250,102.3
0,5.1285,-39.5,3.223e-44,0,0,0,2,-1,0,0,4,450,250,102.4
0,5.1285,-39.5,3.223e-44,0,0,0,2,-1,0,0,4,450,250,102.5
0,5.1285,-39.5,3.223e-44,0,0,0,2,-1,0,0,4,450,250,102.6
0,5.0422,-39.5,3.223e-44,0,0,0,2,-1,0,0,4,450,250,102.7
0,5.0422,-39.5,3.223e-44,0,0,0,2,-1,0,0,4,450,250,102.8
0,5.0422,-39.5,3.223e-44,0,0,0,2,-1,0,0,4,450,250,102.9
0,4.9816,-39.326,3.223e-44,0,0,0,2,-1,0,0,4,450,250,103
0,4.9816,-39.326,3.223e-44,0,0,0,2,-1,0,0,4,450,250,103.1
0,4.9816,-39.326,3.223e-44,0,0,0,2,-1,0,0,4,450,250,103.2
0,4.9125,-39.157,3.223e-44,0,0,0,2,-1,0,0,4,450,250,103.3
0,4.9125,-39.157,3.223e-44,0,0,0,2,-1,0,0,4,450,250,103.4
0,4.9125,-39.157,3.223e-44,0,0,0,2,-1,0,0,4,450,250,103.5
0,4.893,-39.058,3.223e-44,0,0,0,2,-1,0,0,4,450,250,103.6
0,4.893,-39.058,3.223e-44,0,0,0,2,-1,0,0,4,450,250,103.7
0,4.893,-39.058,3.223e-44,0,0,0,2,-1,0,0,4,450,250,103.8
0,4.913,-39.022,3.223e-44,0,0,0,2,-1,0,0,4,450,250,103.9
0,4.913,-39.022,3.223e-44,0,0,0,2,-1,0,0,4,450,250,104
0,4.913,-39.022,3.223e-44,0,0,0,2,-1,0,0,4,450,250,104.1
0,4.9493,-39.008,3.223e-44,0,0,0,2,-1,0,0,4,450,250,104.2
0,4.9493,-39.008,3.223e-44,0,0,0,2,-1,0,0,4,450,250,104.3
0,4.9493,-39.008,3.223e-44,0,0,0,2,-1,0,0,4,450,250,104.4
0,5.0804,-39.086,3.223e-44,0,0,0,2,-1,0,0,4,450,250,104.5
0,5.0804,-39.086,3.223e-44,0,0,0,2,-1,0,0,4,450,250,104.6
0,5.0804,-39.086,3.223e-44,0,0,0,2,-1,0,0,4,450,250,104.7
0,5.2389,-39.178,3.223e-44,0,0,0,2,-1,0,0,4,450,250,104.8
0,5.2389,-39.178,3.223e-44,0,0,0,2,-1,0,0,4,450,250,104.9
0,5.2389,-39.178,3.223e-44,0,0,0,2,-1,0,0,4,450,250,105
0,5.3486,-39.215,3.223e-44,0,0,0,2,-1,0,0,4,450,250,105.1
0,5.3486,-39.215,3.223e-44,0,0,0,2,-1,0,0,4,450,250,105.2
0,5.3486,-39.215,3.223e-44,0,0,0,2,-1,0,0,4,450,250,105.3
0,5.4076,-39.213,3.223e-44,0,0,0,2,-1,0,0,4,450,250,105.4
0,5.4076,-39.213,3.223e-44,0,0,0,2,-1,0,0,4,450,250,105.5
0,5.4076,-39.213,3.223e-44,0,0,0,2,-1,0,0,4,450,250,105.6
0,5.3881,-39.298,3.223e-44,0,0,0,2,-1,0,0,4,450,250,105.7
0,5.3881,-39.298,3.223e-44,0,0,0,2,-1,0,0,4,450,250,105.8
0,5.3881,-39.298,3.223e-44,0,0,0,2,-1,0,0,4,450,250,105.9
0,5.342,-39.406,3.223e-44,0,0,0,2,-1,0,0,4,450,250,106
0,5.342,-39.406,3.223e-44,0,0,0,2,-1,0,0,4,450,250,106.1
0,5.342,-39.406,3.223e-44,0,0,0,2,-1,0,0,4,450,250,106.2
0,5.265,-39.464,3.223e-44,0,0,0,2,-1,0,0,4,450,250,106.3
0,5.265,-39.464,3.223e-44,0,0,0,2,-1,0,0,4,450,250,106.4
0,5.265,-39.464,3.223e-44,0,0,0,2,-1,0,0,4,450,250,106.5
0,5.1562,-39.476,3.223e-44,0,0,0,2,-1,0,0,4,450,250,106.6
0,5.1562,-39.476,3.223e-44,0,0,0,2,-1,0,0,4,450,250,106.7
0,5.1562,-39.476,3.223e-44,0,0,0,2,-1,0,0,4,450,250,106.8
0,5.0677,-39.491,3.223e-44,0,0,0,2,-1,0,0,4,450,250,106.9
0,5.0677,-39.491,3.223e-44,0,0,0,2,-1,0,0,4,450,250,107
0,5.0677,-39.491,3.223e-44,0,0,0,2,-1,0,0,4,450,250,107.1
0,4.9995,-39.497,3.223e-44,0,0,0,2,-1,0,0,4,450,250,107.2
0,4.9995,-39.497,3.223e-44,0,0,0,2,-1,0,0,4,450,250,107.3
0,4.9995,-39.497,3.223e-44,0,0,0,2,-1,0,0,4,450,250,107.4
0,4.9419,-39.499,3.223e-44,0,0,0,2,-1,0,0,4,450,250,107.5
0,4.9419,-39.499,3.223e-44,0,0,0,2,-1,0,0,4,450,250,107.6
0,4.9419,-39.499,3.223e-44,0,0,0,2,-1,0,0,4,450,250,107.7
0,4.8825,-39.355,3.223e-44,0,0,0,2,-1,0,0,4,450,250,107.8
0,4.8825,-39.355,3.223e-44,0,0,0,2,-1,0,0,4,450,250,107.9
0,4.8825,-39.355,3.223e-44,0,0,0,2,-1,0,0,4,450,250,108
0,4.8923,-39.131,3.223e-44,0,0,0,2,-1,0,0,4,450,250,108.1
0,4.8923,-39.131,3.223e-44,0,0,0,2,-1,0,0,4,450,250,108.2
0,4.8923,-39.131,3.223e-44,0,0,0,2,-1,0,0,4,450,250,108.3
0,4.9163,-39.049,3.223e-44,0,0,0,2,-1,0,0,4,450,250,108.4
0,4.9163,-39.049,3.223e-44,0,0,0,2,-1,0,0,4,450,250,108.5
0,4.9163,-39.049,3.223e-44,0,0,0,2,-1,0,0,4,450,250,108.6
0,4.9586,-39.018,3.223e-44,0,0,0,2,-1,0,0,4,450,250,108.7
0,4.9586,-39.018,3.223e-44,0,0,0,2,-1,0,0,4,450,250,108.8
0,4.9586,-39.018,3.223e-44,0,0,0,2,-1,0,0,4,450,250,108.9
0,5.0895,-39.007,3.223e-44,0,0,0,2,-1,0,0,4,450,250,109
0,5.0895,-39.007,3.223e-44,0,0,0,2,-1,0,0,4,450,250,109.1
0,5.0895,-39.007,3.223e-44,0,0,0,2,-1,0,0,4,450,250,109.2
0,5.2306,-39.003,3.223e-44,0,0,0,2,-1,0,0,4,450,250,109.3
0,5.2306,-39.003,3.223e-44,0,0,0,2,-1,0,0,4,450,250,109.4
0,5.2306,-39.003,3.223e-44,0,0,0,2,-1,0,0,4,450,250,109.5
0,5.339,-39.047,3.223e-44,0,0,0,2,-1,0,0,4,450,250,109.6
0,5.339,-39.047,3.223e-44,0,0,0,2,-1,0,0,4,450,250,109.7
0,5.339,-39.047,3.223e-44,0,0,0,2,-1,0,0,4,450,250,109.8
0,5.4133,-39.018,3.223e-44,0,0,0,2,-1,0,0,4,450,250,109.9
0,5.4133,-39.018,3.223e-44,0,0,0,2,-1,0,0,4,450,250,110
0,5.4133,-39.018,3.223e-44,0,0,0,2,-1,0,0,4,450,250,110.1
0,5.3808,-39.006,3.223e-44,0,0,0,2,-1,0,0,4,450,250,110.2
0,5.3808,-39.006,3.223e-44,0,0,0,2,-1,0,0,4,450,250,110.3
0,5.3808,-39.006,3.223e-44,0,0,0,2,-1,0,0,4,450,250,110.4
0,5.349,-39.002,3.223e-44,0,0,0,2,-1,0,0,4,450,250,110.5
0,5.349,-39.002,3.223e-44,0,0,0,2,-1,0,0,4,450,250,110.6
0,5.349,-39.002,3.223e-44,0,0,0,2,-1,0,0,4,450,250,110.7
0,5.2717,-39.001,3.223e-44,0,0,0,2,-1,0,0,4,450,250,110.8
0,5.2717,-39.001,3.223e-44,0,0,0,2,-1,0,0,4,450,250,110.9
0,5.2717,-39.001,3.223e-44,0,0,0,2,-1,0,0,4,450,250,111
0,5.1674,-39.101,3.223e-44,0,0,0,2,-1,0,0,4,450,250,111.1
0,5.1674,-39.101,3.223e-44,0,0,0,2,-1,0,0,4,450,250,111.2
0,5.1674,-39.101,3.223e-44,0,0,0,2,-1,0,0,4,450,250,111.3
0,5.0776,-39.109,3.223e-44,0,0,0,2,-1,0,0,4,450,250,111.4
0,5.0776,-39.109,3.223e-44,0,0,0,2,-1,0,0,4,450,250,111.5
0,5.0776,-39.109,3.223e-44,0,0,0,2,-1,0,0,4,450,250,111.6
0,5.0037,-39.053,3.223e-44,0,0,0,2,-1,0,0,4,450,250,111.7
0,5.0037,-39.053,3.223e-44,0,0,0,2,-1,0,0,4,450,250,111.8
0,5.0037,-39.053,3.223e-44,0,0,0,2,-1,0,0,4,450,250,111.9
0,4.942,-39.021,3.223e-44,0,0,0,2,-1,0,0,4,450,250,112
0,4.942,-39.021,3.223e-44,0,0,0,2,-1,0,0,4,450,250,112.1
0,4.942,-39.021,3.223e-44,0,0,0,2,-1,0,0,4,450,250,112.2
0,4.8954,-39.007,3.223e-44,0,0,0,2,-1,0,0,4,450,250,112.3
0,4.8954,-39.007,3.223e-44,0,0,0,2,-1,0,0,4,450,250,112.4
0,4.8954,-39.007,3.223e-44,0,0,0,2,-1,0,0,4,450,250,112.5
0,4.8989,-39.003,3.223e-44,0,0,0,2,-1,0,0,4,450,250,112.6
0,4.8989,-39.003,3.223e-44,0,0,0,2,-1,0,0,4,450,250,112.7
0,4.8989,-39.003,3.223e-44,0,0,0,2,-1,0,0,4,450,250,112.8
0,4.9206,-39.001,3.223e-44,0,0,0,2,-1,0,0,4,450,250,112.9
0,4.9206,-39.001,3.223e-44,0,0,0,2,-1,0,0,4,450,250,113
0,4.9206,-39.001,3.223e-44,0,0,0,2,-1,0,0,4,450,250,113.1
0,4.9855,-39,3.223e-44,0,0,0,2,-1,0,0,4,450,250,113.2
0,4.9855,-39,3.223e-44,0,0,0,2,-1,0,0,4,450,250,113.3
0,4.9855,-39,3.223e-44,0,0,0,2,-1,0,0,4,450,250,113.4
0,5.1303,-39,3.223e-44,0,0,0,2,-1,0,0,4,450,250,113.5
0,5.1303,-39,3.223e-44,0,0,0,2,-1,0,0,4,450,250,113.6
0,5.1303,-39,3.223e-44,0,0,0,2,-1,0,0,4,450,250,113.7
0,5.2622,-39,3.223e-44,0,0,0,2,-1,0,0,4,450,250,113.8
0,5.2622,-39,3.223e-44,0,0,0,2,-1,0,0,4,450,250,113.9
0,5.2622,-39,3.223e-44,0,0,0,2,-1,0,0,4,450,250,114
0,5.358,-39,3.223e-44,0,0,0,2,-1,0,0,4,450,250,114.1
0,5.358,-39,3.223e-44,0,0,0,2,-1,0,0,4,450,250,114.2
0,5.358,-39,3.223e-44,0,0,0,2,-1,0,0,4,450,250,114.3
0,5.3491,-39,3.223e-44,0,0,0,2,-1,0,0,4,450,250,114.4
0,5.3491,-39,3.223e-44,0,0,0,2,-1,0,0,4,450,250,114.5
0,5.3491,-39,3.223e-44,0,0,0,2,-1,0,0,4,450,250,114.6
0,5.3269,-39,3.223e-44,0,0,0,2,-1,0,0,4,450,250,114.7
0,5.3269,-39,3.223e-44,0,0,0,2,-1,0,0,4,450,250,114.8
0,5.3269,-39,3.223e-44,0,0,0,2,-1,0,0,4,450,250,114.9
0,5.2519,-39,3.223e-44,0,0,0,2,-1,0,0,4,450,250,115
0,5.2519,-39,3.223e-44,0,0,0,2,-1,0,0,4,450,250,115.1
0,5.2519,-39,3.223e-44,0,0,0,2,-1,0,0,4,450,250,115.2
0,5.134,-39,3.223e-44,0,0,0,2,-1,0,0,4,450,250,115.3
0,5.134,-39,3.223e-44,0,0,0,2,-1,0,0,4,450,250,115.4
0,5.134,-39,3.223e-44,0,0,0,2,-1,0,0,4,450,250,115.5
0,5.049,-39,3.223e-44,0,0,0,2,-1,0,0,4,450,250,115.6
0,5.049,-39,3.223e-44,0,0,0,2,-1,0,0,4,450,250,115.7
0,5.049,-39,3.223e-44,0,0,0,2,-1,0,0,4,450,250,115.8
0,4.9808,-39,3.223e-44,0,0,0,2,-1,0,0,4,450,250,115.9
0,4.9808,-39,3.223e-44,0,0,0,2,-1,0,0,4,450,250,116
0,4.9808,-39,3.223e-44,0,0,0,2,-1,0,0,4,450,250,116.1
0,4.9094,-39,3.223e-44,0,0,0,2,-1,0,0,4,450,250,116.2
0,4.9094,-39,3.223e-44,0,0,0,2,-1,0,0,4,450,250,116.3
0,4.9094,-39,3.223e-44,0,0,0,2,-1,0,0,4,450,250,116.4
0,4.8646,-39,3.223e-44,0,0,0,2,-1,0,0,4,450,250,116.5
0,4.8646,-39,3.223e-44,0,0,0,2,-1,0,0,4,450,250,116.6
0,4.8646,-39,3.223e-44,0,0,0,2,-1,0,0,4,450,250,116.7
0,4.8756,-39,3.223e-44,0,0,0,2,-1,0,0,4,450,250,116.8
0,4.8756,-39,3.223e-44,0,0,0,2,-1,0,0,4,450,250,116.9
0,4.8756,-39,3.223e-44,0,0,0,2,-1,0,0,4,450,250,117
0,4.9022,-39,3.223e-44,0,0,0,2,-1,0,0,4,450,250,117.1
0,4.9022,-39,3.223e-44,0,0,0,2,-1,0,0,4,450,250,117.2
0,4.9022,-39,3.223e-44,0,0,0,2,-1,0,0,4,450,250,117.3
0,5.0071,-39,3.223e-44,0,0,0,2,-1,0,0,4,450,250,117.4
0,5.0071,-39,3.223e-44,0,0,0,2,-1,0,0,4,450,250,117.5
0,5.0071,-39,3.223e-44,0,0,0,2,-1,0,0,4,450,250,117.6
0,5.163,-39,3.223e-44,0,0,0,2,-1,0,0,4,450,250,117.7
0,5.163,-39,3.223e-44,0,0,0,2,-1,0,0,4,450,250,117.8
0,5.163,-39,3.223e-44,0,0,0,2,-1,0,0,4,450,250,117.9
0,5.2931,-39,3.223e-44,0,0,0,2,-1,0,0,4,450,250,118
0,5.2931,-39,3.223e-44,0,0,0,2,-1,0,0,4,450,250,118.1
0,5.2931,-39,3.223e-44,0,0,0,2,-1,0,0,4,450,250,118.2
0,5.3783,-39,3.223e-44,0,0,0,2,-1,0,0,4,450,250,118.3
0,5.3783,-39,3.223e-44,0,0,0,2,-1,0,0,4,450,250,118.4
0,5.3783,-39,3.223e-44,0,0,0,2,-1,0,0,4,450,250,118.5
0,5.3601,-39,3.223e-44,0,0,0,2,-1,0,0,4,450,250,118.6
0,5.3601,-39,3.223e-44,0,0,0,2,-1,0,0,4,450,250,118.7
0,5.3601,-39,3.223e-44,0,0,0,2,-1,0,0,4,450,250,118.8
0,5.312,-39,3.223e-44,0,0,0,2,-1,0,0,4,450,250,118.9
0,5.312,-39,3.223e-44,0,0,0,2,-1,0,0,4,450,250,119
0,5.312,-39,3.223e-44,0,0,0,2,-1,0,0,4,450,250,119.1
0,5.2331,-39,3.223e-44,0,0,0,2,-1,0,0,4,450,250,119.2
0,5.2331,-39,3.223e-44,0,0,0,2,-1,0,0,4,450,250,119.3
0,5.2331,-39,3.223e-44,0,0,0,2,-1,0,0,4,450,250,119.4
0,5.1364,-39,3.223e-44,0,0,0,2,-1,0,0,4,450,250,119.5
0,5.1364,-39,3.223e-44,0,0,0,2,-1,0,0,4,450,250,119.6
0,5.1364,-39,3.223e-44,0,0,0,2,-1,0,0,4,450,250,119.7
0,5.0538,-39,3.223e-44,0,0,0,2,-1,0,0,4,450,250,119.8
0,5.0538,-39,3.223e-44,0,0,0,2,-1,0,0,4,450,250,119.9
0,5.0538,-39,3.223e-44,0,0,0,2,-1,0,0,4,450,250,120
0,4.9928,-39,3.223e-44,0,0,0,2,-1,0,0,4,450,250,120.1
0,4.9928,-39,3.223e-44,0,0,0,2,-1,0,0,4,450,250,120.2
0,4.9928,-39,3.223e-44,0,0,0,2,-1,0,0,4,450,250,120.3
0,4.9423,-39,3.223e-44,0,0,0,2,-1,0,0,4,450,250,120.4
0,4.9423,-39,3.223e-44,0,0,0,2,-1,0,0,4,450,250,120.5
0,4.9423,-39,3.223e-44,0,0,0,2,-1,0,0,4,450,250,120.6
0,4.8803,-39,3.223e-44,0,0,0,2,-1,0,0,4,450,250,120.7
0,4.8803,-39,3.223e-44,0,0,0,2,-1,0,0,4,450,250,120.8
0,4.8803,-39,3.223e-44,0,0,0,2,-1,0,0,4,450,250,120.9
0,4.8277,-39,3.223e-44,0,0,0,2,-1,0,0,4,450,250,121
0,4.8277,-39,3.223e-44,0,0,0,2,-1,0,0,4,450,250,121.1
0,4.8277,-39,3.223e-44,0,0,0,2,-1,0,0,4,450,250,121.2
0,4.8432,-39,3.223e-44,0,0,0,2,-1,0,0,4,450,250,121.3
0,4.8432,-39,3.223e-44,0,0,0,2,-1,0,0,4,450,250,121.4
0,4.8432,-39,3.223e-44,0,0,0,2,-1,0,0,4,450,250,121.5
0,4.8788,-39,3.223e-44,0,0,0,2,-1,0,0,4,450,250,121.6
0,4.8788,-39,3.223e-44,0,0,0,2,-1,0,0,4,450,250,121.7
0,4.8788,-39,3.223e-44,0,0,0,2,-1,0,0,4,450,250,121.8
0,4.9423,-39,3.223e-44,0,0,0,2,-1,0,0,4,450,250,121.9
0,4.9423,-39,3.223e-44,0,0,0,2,-1,0,0,4,450,250,122
0,4.9423,-39,3.223e-44,0,0,0,2,-1,0,0,4,450,250,122.1
0,5.0816,-39,3.223e-44,0,0,0,2,-1,0,0,4,450,250,122.2
0,5.0816,-39,3.223e-44,0,0,0,2,-1,0,0,4,450,250,122.3
0,5.0816,-39,3.223e-44,0,0,0,2,-1,0,0,4,450,250,122.4
0,5.2338,-39,3.223e-44,0,0,0,2,-1,0,0,4,450,250,122.5
0,5.2338,-39,3.223e-44,0,0,0,2,-1,0,0,4,450,250,122.6
0,5.2338,-39,3.223e-44,0,0,0,2,-1,0,0,4,450,250,122.7
0,5.3392,-39,3.223e-44,0,0,0,2,-1,0,0,4,450,250,122.8
0,5.3392,-39,3.223e-44,0,0,0,2,-1,0,0,4,450,250,122.9
0,5.3392,-39,3.223e-44,0,0,0,2,-1,0,0,4,450,250,123
0,5.4341,-39,3.223e-44,0,0,0,2,-1,0,0,4,450,250,123.1
0,5.4341,-39,3.223e-44,0,0,0,2,-1,0,0,4,450,250,123.2
0,5.4341,-39,3.223e-44,0,0,0,2,-1,0,0,4,450,250,123.3
0,5.45,-39,3.223e-44,0,0,0,2,-1,0,0,4,450,250,123.4
0,5.45,-39,3.223e-44,0,0,0,2,-1,0,0,4,450,250,123.5
0,5.45,-39,3.223e-44,0,0,0,2,-1,0,0,4,450,250,123.6
0,5.4085,-39,3.223e-44,0,0,0,2,-1,0,0,4,450,250,123.7
0,5.4085,-39,3.223e-44,0,0,0,2,-1,0,0,4,450,250,123.8
0,5.4085,-39,3.223e-44,0,0,0,2,-1,0,0,4,450,250,123.9
0,5.3637,-39,3.223e-44,0,0,0,2,-1,0,0,4,450,250,124
0,5.3637,-39,3.223e-44,0,0,0,2,-1,0,0,4,450,250,124.1
0,5.3637,-39,3.223e-44,0,0,0,2,-1,0,0,4,450,250,124.2
0,5.2858,-39,3.223e-44,0,0,0,2,-1,0,0,4,450,250,124.3
0,5.2858,-39,3.223e-44,0,0,0,2,-1,0,0,4,450,250,124.4
0,5.2858,-39,3.223e-44,0,0,0,2,-1,0,0,4,450,250,124.5
0,5.1795,-39,3.223e-44,0,0,0,2,-1,0,0,4,450,250,124.6
0,5.1795,-39,3.223e-44,0,0,0,2,-1,0,0,4,450,250,124.7
0,5.1795,-39,3.223e-44,0,0,0,2,-1,0,0,4,450,250,124.8
0,5.0888,-39,3.223e-44,0,0,0,2,-1,0,0,4,450,250,124.9
0,5.0888,-39,3.223e-44,0,0,0,2,-1,0,0,4,450,250,125
0,5.0888,-39,3.223e-44,0,0,0,2,-1,0,0,4,450,250,125.1
0,5.0241,-39,3.223e-44,0,0,0,2,-1,0,0,4,450,250,125.2
0,5.0241,-39,3.223e-44,0,0,0,2,-1,0,0,4,450,250,125.3
0,5.0241,-39,3.223e-44,0,0,0,2,-1,0,0,4,450,250,125.4
0,4.9495,-39,3.223e-44,0,0,0,2,-1,0,0,4,450,250,125.5
0,4.9495,-39,3.223e-44,0,0,0,2,-1,0,0,4,450,250,125.6
0,4.9495,-39,3.223e-44,0,0,0,2,-1,0,0,4,450,250,125.7
0,4.9206,-39,3.223e-44,0,0,0,2,-1,0,0,4,450,250,125.8
0,4.9206,-39,3.223e-44,0,0,0,2,-1,0,0,4,450,250,125.9
0,4.9206,-39,3.223e-44,0,0,0,2,-1,0,0,4,450,250,126
0,4.9206,-39,3.223e-44,0,0,0,2,-1,0,0,4,450,250,126.1
0,4.9206,-39,3.223e-44,0,0,0,2,-1,0,0,4,450,250,126.2
0,4.9206,-39,3.223e-44,0,0,0,2,-1,0,0,4,450,250,126.3
0,4.9206,-39,3.223e-44,0,0,0,2,-1,0,0,4,450,250,126.4
0,4.9206,-39,3.223e-44,0,0,0,2,-1,0,0,4,450,250,126.5
0,4.9206,-39,3.223e-44,0,0,0,2,-1,0,0,4,450,250,126.6
0,4.9206,-39,3.223e-44,0,0,0,2,-1,0,0,4,450,250,126.7
0,4.9206,-39,3.223e-44,0,0,0,2,-1,0,0,4,450,250,126.8
0,4.9206,-39,3.223e-44,0,0,0,2,-1,0,0,4,450,250,126.9
0,4.9206,-39,3.223e-44,0,0,0,2,-1,0,0,4,450,250,127
0,4.9206,-39,3.223e-44,0,0,0,2,-1,0,0,4,450,250,127.1
0,4.9206,-39,3.223e-44,0,0,0,2,-1,0,0,4,450,250,127.2
0,4.8188,-38.979,3.0829e-44,0,0,0,2,-1,0,0,4,450,250,127.3
0,4.8188,-38.979,3.0829e-44,0,0,0,2,-1,0,0,4,450,250,127.4
0,4.8188,-38.979,3.0829e-44,0,0,0,2,-1,0,0,4,450,250,127.5
0,4.8299,-38.907,3.0829e-44,0,0,0,2,-1,0,0,4,450,250,127.6
0,4.8299,-38.907,3.0829e-44,0,0,0,2,-1,0,0,4,450,250,127.7
0,4.8299,-38.907,3.0829e-44,0,0,0,2,-1,0,0,4,450,250,127.8
0,4.8672,-38.813,3.0829e-44,0,0,0,2,-1,0,0,4,450,250,127.9
0,4.8672,-38.813,3.0829e-44,0,0,0,2,-1,0,0,4,450,250,128
0,4.8672,-38.813,3.0829e-44,0,0,0,2,-1,0,0,4,450,250,128.1
0,4.8957,-38.796,3.0829e-44,0,0,0,2,-1,0,0,4,450,250,128.2
0,4.8957,-38.796,3.0829e-44,0,0,0,2,-1,0,0,4,450,250,128.3
0,4.8957,-38.796,3.0829e-44,0,0,0,2,-1,0,0,4,450,250,128.4
